{"type":"FeatureCollection","features":[{"type":"Feature","id":"5d53965a","geometry":{"type":"Point","coordinates":[112.7375203,-7.252741661]},"properties":{"alamat":"ACHMAD JAIS 120 126","lokasi":"KANTOR NOTARIS","jam_mulai":"09:00","jam_selesai":"17:00","jam_teks":"9:00 - 17:00","presisi":"perkiraan"}},{"type":"Feature","id":"d9cdda3e","geometry":{"type":"Point","coordinates":[112.7415227,-7.255160505]},"properties":{"alamat":"ACHMAD JAIS 20 36","lokasi":"RM MAHKOTA","jam_mulai":"09:00","jam_selesai":"22:00","jam_teks":"9:00 - 22:00","presisi":"perkiraan"}},{"type":"Feature","id":"497aa779","geometry":{"type":"Point","coordinates":[112.7381822,-7.254514491]},"properties":{"alamat":"ACHMAD JAIS 25 27","lokasi":"DEPAN BUAH","jam_mulai":"09:00","jam_selesai":"17:00","jam_teks":"9:00 - 17:00","presisi":"perkiraan"}},{"type":"Feature","id":"99a9541c","geometry":{"type":"Point","coordinates":[112.7380638,-7.25395449]},"properties":{"alamat":"ACHMAD JAIS 33","lokasi":"SEWA KASET FAMILI","jam_mulai":"09:00","jam_selesai":"17:00","jam_teks":"9:00 - 17:00","presisi":"perkiraan"}},{"type":"Feature","id":"0ea68343","geometry":{"type":"Point","coordinates":[112.7393373,-7.25520182]},"properties":{"alamat":"ACHMAD JAIS 52","lokasi":"EXPEDISI ACHMAD JAIS","jam_mulai":"09:00","jam_selesai":"17:00","jam_teks":"9:00 - 17:00","presisi":"perkiraan"}},{"type":"Feature","id":"41abaada","geometry":{"type":"Point","coordinates":[112.738262,-7.254845833]},"properties":{"alamat":"ACHMAD JAIS 9 11","lokasi":"PK.5 / RUJAK","jam_mulai":"09:00","jam_selesai":"17:00","jam_teks":"9:00 - 17:00","presisi":"perkiraan"}},{"type":"Feature","id":"da6668f6","geometry":{"type":"Point","coordinates":[112.73032245405531,-7.333618378534869]},"properties":{"alamat":"ACHMAD YANI 201 221","lokasi":"PKL HOLLAND","jam_mulai":"09:00","jam_selesai":"22:00","jam_teks":"9:00 - 22:00","presisi":"perkiraan"}},{"type":"Feature","id":"6fe95fab","geometry":{"type":"Point","coordinates":[112.73003562336672,-7.334814153952375]},"properties":{"alamat":"ACHMAD YANI 223 231","lokasi":"DUNKIN DOUNATS","jam_mulai":"09:00","jam_selesai":"22:00","jam_teks":"9:00 - 22:00","presisi":"perkiraan"}},{"type":"Feature","id":"afbe69cd","geometry":{"type":"Point","coordinates":[112.72983588103888,-7.33544346196811]},"properties":{"alamat":"ACHMAD YANI 233 247","lokasi":"APOTEK","jam_mulai":"09:00","jam_selesai":"22:00","jam_teks":"9:00 - 22:00","presisi":"perkiraan"}},{"type":"Feature","id":"c823d6ed","geometry":{"type":"Point","coordinates":[112.73020356569432,-7.292617105260631]},"properties":{"alamat":"ADITYAWARMAN 100 102","lokasi":"TOKO SURABAYA FOTO","jam_mulai":"10:00","jam_selesai":"20:00","jam_teks":"10:00 - 20:00","presisi":"perkiraan"}},{"type":"Feature","id":"27740499","geometry":{"type":"Point","coordinates":[112.73134068289093,-7.293916922261566]},"properties":{"alamat":"ADITYAWARMAN 47 53","lokasi":"TOKO PALAPA","jam_mulai":"08:00","jam_selesai":"16:00","jam_teks":"8:00 - 16:00","presisi":"perkiraan"}},{"type":"Feature","id":"47f438c4","geometry":{"type":"Point","coordinates":[112.73085515405499,-7.29328481009028]},"properties":{"alamat":"ADITYAWARMAN 78 80","lokasi":"TOKO ROTI MELLY","jam_mulai":"05:00","jam_selesai":"22:00","jam_teks":"5:00 - 22:00","presisi":"perkiraan"}},{"type":"Feature","id":"709af2ee","geometry":{"type":"Point","coordinates":[112.73071699638287,-7.292957347559152]},"properties":{"alamat":"ADITYAWARMAN 84 90","lokasi":"TK. LESTARI,EXPEDISI","jam_mulai":"08:00","jam_selesai":"20:00","jam_teks":"8:00 - 20:00","presisi":"perkiraan"}},{"type":"Feature","id":"666d469d","geometry":{"type":"Point","coordinates":[112.73649928103815,-7.25127576131347]},"properties":{"alamat":"ALON ALON CONTONG 11 - 15 SURABAYA","lokasi":"TOKO BOGA JAYA","jam_mulai":"08:00","jam_selesai":"17:00","jam_teks":"8:00 - 17:00","presisi":"perkiraan"}},{"type":"Feature","id":"648a4b67","geometry":{"type":"Point","coordinates":[112.7362875098743,-7.251463033468243]},"properties":{"alamat":"ALON ALON CONTONG 5A 5F","lokasi":"TOKO KERAMIK MODERN","jam_mulai":"09:00","jam_selesai":"17:00","jam_teks":"9:00 - 17:00","presisi":"perkiraan"}},{"type":"Feature","id":"41fe1baf","geometry":{"type":"Point","coordinates":[112.73643809452994,-7.251030903041961]},"properties":{"alamat":"ALON ALON CONTONG 7 - 11 SURABAYA","lokasi":"AYAM GORENG","jam_mulai":"09:00","jam_selesai":"17:00","jam_teks":"9:00 - 17:00","presisi":"perkiraan"}},{"type":"Feature","id":"d56505eb","geometry":{"type":"Point","coordinates":[112.7524401368579,-7.254607176759407]},"properties":{"alamat":"AMBENGAN 1 - 7 SURABAYA","lokasi":"SOTO P. SADI","jam_mulai":"09:00","jam_selesai":"17:00","jam_teks":"9:00 - 17:00","presisi":"perkiraan"}},{"type":"Feature","id":"271a4de6","geometry":{"type":"Point","coordinates":[112.75235955220224,-7.253309932383854]},"properties":{"alamat":"AMBENGAN 29","lokasi":"SDN KETABANG 1","jam_mulai":"09:00","jam_selesai":"22:00","jam_teks":"9:00 - 22:00","presisi":"perkiraan"}},{"type":"Feature","id":"62c96d07","geometry":{"type":"Point","coordinates":[112.75254538474312,-7.253256647225556]},"properties":{"alamat":"AMBENGAN 33 35","lokasi":"SDN KETABANG / Dr. KANDUNGAN","jam_mulai":"08:00","jam_selesai":"22:00","jam_teks":"8:00 - 22:00","presisi":"perkiraan"}},{"type":"Feature","id":"d0c8b67a","geometry":{"type":"Point","coordinates":[112.75235377918567,-7.254633247940286]},"properties":{"alamat":"AMBENGAN BATU 3 / 38 SURABAYA","lokasi":"RM. SOTO BOYOLALI / SEI SAPIKU","jam_mulai":"08:00","jam_selesai":"17:00","jam_teks":"8:00 - 17:00","presisi":"perkiraan"}},{"type":"Feature","id":"44fd44b6","geometry":{"type":"Point","coordinates":[112.732201594323,-7.25882024259304]},"properties":{"alamat":"ANJASMORO 1","lokasi":"DEPOT JAMIN","jam_mulai":"09:00","jam_selesai":"17:00","jam_teks":"9:00 - 17:00","presisi":"perkiraan"}},{"type":"Feature","id":"8c8fef57","geometry":{"type":"Point","coordinates":[112.7267324098742,-7.257363549514877]},"properties":{"alamat":"ANJASMORO 56 60","lokasi":"PENGADILAN NEGERI","jam_mulai":"09:00","jam_selesai":"16:00","jam_teks":"9:00 - 16:00","presisi":"perkiraan"}},{"type":"Feature","id":"68ec3e54","geometry":{"type":"Point","coordinates":[112.72609795590712,-7.258204064091819]},"properties":{"alamat":"ARGOPURO 64 SURABAYA","lokasi":"WARUNG KOPI","jam_mulai":"09:00","jam_selesai":"16:00","jam_teks":"9:00 - 16:00","presisi":"perkiraan"}},{"type":"Feature","id":"d9a9f47c","geometry":{"type":"Point","coordinates":[112.72706364056309,-7.2650175971558175]},"properties":{"alamat":"ARJUNA 116 - 124 SURABAYA","lokasi":"DEPOT DIMSUM E MANAN","jam_mulai":"15:00","jam_selesai":"20:00","jam_teks":"15:00 - 20:00","presisi":"perkiraan"}},{"type":"Feature","id":"c31b5420","geometry":{"type":"Point","coordinates":[112.72791171357937,-7.265731825667004]},"properties":{"alamat":"ARJUNA 127","lokasi":"DEPOT GADO - GADO","jam_mulai":"10:00","jam_selesai":"21:00","jam_teks":"10:00 - 21:00","presisi":"perkiraan"}},{"type":"Feature","id":"7b9b3c01","geometry":{"type":"Point","coordinates":[112.72769170987445,-7.266702851443336]},"properties":{"alamat":"ARJUNA 142 - 144 SURABAYA","lokasi":"DEALER SUZUKI","jam_mulai":"07:00","jam_selesai":"16:00","jam_teks":"7:00 - 16:00","presisi":"perkiraan"}},{"type":"Feature","id":"08277eb0","geometry":{"type":"Point","coordinates":[112.72766142336616,-7.265365896206647]},"properties":{"alamat":"ARJUNO 119 - 125 SURABAYA","lokasi":"LUBERAN KELURAHAN SAWAHAN","jam_mulai":"10:00","jam_selesai":"21:00","jam_teks":"10:00 - 21:00","presisi":"perkiraan"}},{"type":"Feature","id":"cd5e9e3e","geometry":{"type":"Point","coordinates":[112.71307998103822,-7.252654247849066]},"properties":{"alamat":"ASEM MULYA 18","lokasi":"UD. KARYA BARU","jam_mulai":"07:00","jam_selesai":"16:00","jam_teks":"7:00 - 16:00","presisi":"perkiraan"}},{"type":"Feature","id":"6aa8cef6","geometry":{"type":"Point","coordinates":[112.71378249638254,-7.251773918501199]},"properties":{"alamat":"ASEM RAYA 19 21","lokasi":"PKL PANGSIT MIE","jam_mulai":"08:00","jam_selesai":"17:00","jam_teks":"8:00 - 17:00","presisi":"perkiraan"}},{"type":"Feature","id":"d15ffc3b","geometry":{"type":"Point","coordinates":[112.7358733675464,-7.228089242064876]},"properties":{"alamat":"BABA'AN","lokasi":"PASAR BABA'AN","jam_mulai":"08:00","jam_selesai":"17:00","jam_teks":"8:00 - 17:00","presisi":"perkiraan"}},{"type":"Feature","id":"ec62be09","geometry":{"type":"Point","coordinates":[112.7357704540547,-7.252224633701549]},"properties":{"alamat":"BALIWERTI 113 SURABAYA","lokasi":"GUNUNG SARI","jam_mulai":"10:00","jam_selesai":"16:00","jam_teks":"10:00 - 16:00","presisi":"perkiraan"}},{"type":"Feature","id":"64ccf3b8","geometry":{"type":"Point","coordinates":[112.73627379453,-7.251999076640296]},"properties":{"alamat":"BALIWERTI 124","lokasi":"PINTU DEPAN PARLING","jam_mulai":"10:00","jam_selesai":"16:00","jam_teks":"10:00 - 16:00","presisi":"jalan"}},{"type":"Feature","id":"d5c942be","geometry":{"type":"Point","coordinates":[112.73627379453,-7.251999076640296]},"properties":{"alamat":"BALIWERTI 124 SURABAYA","lokasi":"TOKO MM","jam_mulai":"09:00","jam_selesai":"17:00","jam_teks":"9:00 - 17:00","presisi":"jalan"}},{"type":"Feature","id":"4db367e9","geometry":{"type":"Point","coordinates":[112.73472046754657,-7.255283019991128]},"properties":{"alamat":"BALIWERTI 17","lokasi":"TOKO EKA SAPTA","jam_mulai":"10:00","jam_selesai":"16:00","jam_teks":"10:00 - 16:00","presisi":"perkiraan"}},{"type":"Feature","id":"a3583fb1","geometry":{"type":"Point","coordinates":[112.73475653871041,-7.255288706362265]},"properties":{"alamat":"BALIWERTI 19","lokasi":"TUNGGAJAYA MOTOR","jam_mulai":"10:00","jam_selesai":"16:00","jam_teks":"10:00 - 16:00","presisi":"perkiraan"}},{"type":"Feature","id":"219da27c","geometry":{"type":"Point","coordinates":[112.73481269638259,-7.255158119938102]},"properties":{"alamat":"BALIWERTI 23","lokasi":"TUNGGAL JAYA TUNGGAL","jam_mulai":"10:00","jam_selesai":"16:00","jam_teks":"10:00 - 16:00","presisi":"perkiraan"}},{"type":"Feature","id":"b72bae82","geometry":{"type":"Point","coordinates":[112.73478419453012,-7.255171034604291]},"properties":{"alamat":"BALIWERTI 25","lokasi":"WAHONO REJEKI DINAMIKA","jam_mulai":"10:00","jam_selesai":"16:00","jam_teks":"10:00 - 16:00","presisi":"perkiraan"}},{"type":"Feature","id":"5d3a5f07","geometry":{"type":"Point","coordinates":[112.7354675252185,-7.254969220990446]},"properties":{"alamat":"BALIWERTI 32","lokasi":"TOKO PERTAMA","jam_mulai":"10:00","jam_selesai":"16:00","jam_teks":"10:00 - 16:00","presisi":"perkiraan"}},{"type":"Feature","id":"c04bdbde","geometry":{"type":"Point","coordinates":[112.73546069638229,-7.254608790871482]},"properties":{"alamat":"BALIWERTI 38","lokasi":"JAYA GLASS","jam_mulai":"10:00","jam_selesai":"16:00","jam_teks":"10:00 - 16:00","presisi":"perkiraan"}},{"type":"Feature","id":"5c6b57c7","geometry":{"type":"Point","coordinates":[112.73566069638248,-7.254446220282436]},"properties":{"alamat":"BALIWERTI 46","lokasi":"DUTA BANGUNAN","jam_mulai":"10:00","jam_selesai":"16:00","jam_teks":"10:00 - 16:00","presisi":"perkiraan"}},{"type":"Feature","id":"b6743d72","geometry":{"type":"Point","coordinates":[112.73574432521856,-7.254395149125197]},"properties":{"alamat":"BALIWERTI 48","lokasi":"JAYA MAKMUR","jam_mulai":"10:00","jam_selesai":"16:00","jam_teks":"10:00 - 16:00","presisi":"perkiraan"}},{"type":"Feature","id":"551112f1","geometry":{"type":"Point","coordinates":[112.73544583871036,-7.254195577261302]},"properties":{"alamat":"BALIWERTI 67","lokasi":"TOKO SUMBER REJEKI","jam_mulai":"10:00","jam_selesai":"16:00","jam_teks":"10:00 - 16:00","presisi":"perkiraan"}},{"type":"Feature","id":"77e4c857","geometry":{"type":"Point","coordinates":[112.73604250987441,-7.2531547199478865]},"properties":{"alamat":"BALIWERTI 72","lokasi":"UD.SAHABAT","jam_mulai":"10:00","jam_selesai":"16:00","jam_teks":"10:00 - 16:00","presisi":"perkiraan"}},{"type":"Feature","id":"f67f746a","geometry":{"type":"Point","coordinates":[112.73603330987427,-7.252927318990821]},"properties":{"alamat":"BALIWERTI 76 SURABAYA","lokasi":"TOKO MAKMUR","jam_mulai":"10:00","jam_selesai":"16:00","jam_teks":"10:00 - 16:00","presisi":"perkiraan"}},{"type":"Feature","id":"cb0cee6b","geometry":{"type":"Point","coordinates":[112.73614262521866,-7.2526166048432295]},"properties":{"alamat":"BALIWERTI 92 SURABAYA","lokasi":"TOKO AKASIA","jam_mulai":"10:00","jam_selesai":"16:00","jam_teks":"10:00 - 16:00","presisi":"perkiraan"}},{"type":"Feature","id":"88e97149","geometry":{"type":"Point","coordinates":[112.73624059638249,-7.252571061832662]},"properties":{"alamat":"BALIWERTI 94","lokasi":"ZONWIN HOMAN","jam_mulai":"10:00","jam_selesai":"16:00","jam_teks":"10:00 - 16:00","presisi":"perkiraan"}},{"type":"Feature","id":"282fe42d","geometry":{"type":"Point","coordinates":[112.71844278289083,-7.269696681649075]},"properties":{"alamat":"BANYU URIP 252 272","lokasi":"TOKO TRI AGUNG NIAGA","jam_mulai":"08:00","jam_selesai":"16:00","jam_teks":"8:00 - 16:00","presisi":"perkiraan"}},{"type":"Feature","id":"f0b34835","geometry":{"type":"Point","coordinates":[112.71572946754664,-7.26873115354054]},"properties":{"alamat":"BANYU URIP 314 SURABAYA","lokasi":"TOKO","jam_mulai":"08:00","jam_selesai":"16:00","jam_teks":"8:00 - 16:00","presisi":"perkiraan"}},{"type":"Feature","id":"4582cab1","geometry":{"type":"Point","coordinates":[112.76054672336639,-7.298753006101]},"properties":{"alamat":"BARATA JAYA 16 24","lokasi":"TOKO MUR BAUT SOLOMON","jam_mulai":"08:00","jam_selesai":"22:00","jam_teks":"8:00 - 22:00","presisi":"perkiraan"}},{"type":"Feature","id":"6c3b3037","geometry":{"type":"Point","coordinates":[112.75613202521902,-7.298093486749895]},"properties":{"alamat":"BARATA JAYA 3 7","lokasi":"SOTO AYAM CAK MAN","jam_mulai":"08:00","jam_selesai":"22:00","jam_teks":"8:00 - 22:00","presisi":"perkiraan"}},{"type":"Feature","id":"192c2f04","geometry":{"type":"Point","coordinates":[112.75849452521895,-7.298783203352442]},"properties":{"alamat":"BARATA JAYA 42 60","lokasi":"DEPOT SOTO","jam_mulai":"08:00","jam_selesai":"22:00","jam_teks":"8:00 - 22:00","presisi":"perkiraan"}},{"type":"Feature","id":"acaf81a0","geometry":{"type":"Point","coordinates":[112.75845616939934,-7.29843896123675]},"properties":{"alamat":"BARATA JAYA 45 59","lokasi":"WARUNG MAPAN","jam_mulai":"08:00","jam_selesai":"22:00","jam_teks":"8:00 - 22:00","presisi":"perkiraan"}},{"type":"Feature","id":"2095b3f9","geometry":{"type":"Point","coordinates":[112.76005335590767,-7.298616961350911]},"properties":{"alamat":"BARATA JAYA 5 11","lokasi":"PKL NASI BEBEK/SANYO","jam_mulai":"08:00","jam_selesai":"22:00","jam_teks":"8:00 - 22:00","presisi":"perkiraan"}},{"type":"Feature","id":"15bf0ea2","geometry":{"type":"Point","coordinates":[112.75621379300965,-7.298865410998433]},"properties":{"alamat":"BARATA JAYA 6 - 12 SURABAYA","lokasi":"SALON","jam_mulai":"09:00","jam_selesai":"17:00","jam_teks":"9:00 - 17:00","presisi":"perkiraan"}},{"type":"Feature","id":"725713bb","geometry":{"type":"Point","coordinates":[112.76048116569434,-7.298988545369505]},"properties":{"alamat":"BARATA JAYA 74A SURABAYA","lokasi":"STNK PERPANJANGAN KELILING","jam_mulai":"08:00","jam_selesai":"17:00","jam_teks":"8:00 - 17:00","presisi":"perkiraan"}},{"type":"Feature","id":"5db9a13a","geometry":{"type":"Point","coordinates":[112.76111855220255,-7.299106471103447]},"properties":{"alamat":"BARATA JAYA 80","lokasi":"PASAR BUNGA","jam_mulai":"08:00","jam_selesai":"17:00","jam_teks":"8:00 - 17:00","presisi":"perkiraan"}},{"type":"Feature","id":"ef6aacbb","geometry":{"type":"Point","coordinates":[112.75924205405495,-7.303899283807664]},"properties":{"alamat":"BARATA JAYA XIX - 85 SURABAYA","lokasi":"MIE UJUNG PANDANG","jam_mulai":"08:00","jam_selesai":"22:00","jam_teks":"8:00 - 22:00","presisi":"perkiraan"}},{"type":"Feature","id":"05191b08","geometry":{"type":"Point","coordinates":[112.75948044056321,-7.301821007120019]},"properties":{"alamat":"BARATA JAYA XIX 49 - 51 SURABAYA","lokasi":"WARUNG MAPAN","jam_mulai":"08:00","jam_selesai":"22:00","jam_teks":"8:00 - 22:00","presisi":"perkiraan"}},{"type":"Feature","id":"33e43dd2","geometry":{"type":"Point","coordinates":[112.75946405405513,-7.302177849056018]},"properties":{"alamat":"BARATA JAYA XIX 57 59","lokasi":"PRAKTEK DOKTER GIGI","jam_mulai":"08:00","jam_selesai":"22:00","jam_teks":"8:00 - 22:00","presisi":"perkiraan"}},{"type":"Feature","id":"3dbe393f","geometry":{"type":"Point","coordinates":[112.76098020987472,-7.305160400459901]},"properties":{"alamat":"BARATA JAYA XVII 120 -","lokasi":"PECEL MADIUN","jam_mulai":"09:00","jam_selesai":"17:00","jam_teks":"9:00 - 17:00","presisi":"perkiraan"}},{"type":"Feature","id":"b59c29b1","geometry":{"type":"Point","coordinates":[112.74709055405484,-7.277616941493388]},"properties":{"alamat":"BAWEAN 22 28","lokasi":"DR.WIMBO SASONO","jam_mulai":"08:00","jam_selesai":"17:00","jam_teks":"8:00 - 17:00","presisi":"perkiraan"}},{"type":"Feature","id":"fa268c82","geometry":{"type":"Point","coordinates":[112.75616692087289,-7.289759287924604]},"properties":{"alamat":"BFI FINACE","lokasi":"NGAGEL JAYA 39","jam_mulai":"09:00","jam_selesai":"21:00","jam_teks":"09.00 - 21.00","presisi":"perkiraan"}},{"type":"Feature","id":"33be3cfd","geometry":{"type":"Point","coordinates":[112.67708772521868,-7.257856978216655]},"properties":{"alamat":"BIBIS 1 7","lokasi":"GM. EXPRESS","jam_mulai":"08:00","jam_selesai":"17:00","jam_teks":"08.00 - 17.00","presisi":"perkiraan"}},{"type":"Feature","id":"44c5c920","geometry":{"type":"Point","coordinates":[112.67637500987426,-7.257784835314964]},"properties":{"alamat":"BIBIS 10 14","lokasi":"EXS. HARAPAN JAYA","jam_mulai":"08:00","jam_selesai":"17:00","jam_teks":"08.00 - 17.00","presisi":"perkiraan"}},{"type":"Feature","id":"12ca290a","geometry":{"type":"Point","coordinates":[112.7392197963828,-7.286017375272114]},"properties":{"alamat":"BINTORO - SURABAYA","lokasi":"PERTOKOAN BINTORO","jam_mulai":"07:00","jam_selesai":"13:00","jam_teks":"7:00 - 13:00","presisi":"perkiraan"}},{"type":"Feature","id":"3a4932e8","geometry":{"type":"Point","coordinates":[112.73826693871071,-7.285786517385456]},"properties":{"alamat":"BINTORO 16 18","lokasi":"RUKO GRAHA / ISMANA","jam_mulai":"07:00","jam_selesai":"17:00","jam_teks":"7:00 - 17:00","presisi":"perkiraan"}},{"type":"Feature","id":"d08572d0","geometry":{"type":"Point","coordinates":[112.74057016939925,-7.285980828471634]},"properties":{"alamat":"BINTORO 4 6","lokasi":"GEREJA EBEN HEZER","jam_mulai":"07:00","jam_selesai":"10:00","jam_teks":"7:00 - 10:00","presisi":"perkiraan"}},{"type":"Feature","id":"24d08188","geometry":{"type":"Point","coordinates":[112.74049689453038,-7.286475564510516]},"properties":{"alamat":"BINTORO 5 11","lokasi":"WARUNG PAK MIS","jam_mulai":"10:00","jam_selesai":"22:00","jam_teks":"10:00 - 22:00","presisi":"perkiraan"}},{"type":"Feature","id":"e6a81a54","geometry":{"type":"Point","coordinates":[112.74294773871051,-7.288986665820271]},"properties":{"alamat":"BINTORO 5 11","lokasi":"PKL","jam_mulai":"09:00","jam_selesai":"21:00","jam_teks":"9:00 - 21:00","presisi":"perkiraan"}},{"type":"Feature","id":"dd266b2a","geometry":{"type":"Point","coordinates":[112.73364520987434,-7.256891320916163]},"properties":{"alamat":"BLAURAN 46 - 66 SURABAYA","lokasi":"PANGSIT - TOKO GEMBIRA","jam_mulai":"09:00","jam_selesai":"21:00","jam_teks":"9:00 - 21:00","presisi":"perkiraan"}},{"type":"Feature","id":"5ee74819","geometry":{"type":"Point","coordinates":[112.7334028540548,-7.25732234950038]},"properties":{"alamat":"BLAURAN 70 - 78 SURABAYA","lokasi":"TOKO MAS MIRA, PEGADAIAN","jam_mulai":"09:00","jam_selesai":"22:00","jam_teks":"9:00 - 22:00","presisi":"perkiraan"}},{"type":"Feature","id":"0f159a67","geometry":{"type":"Point","coordinates":[112.77231510748015,-7.27698432050956]},"properties":{"alamat":"BON AMI","lokasi":"DHARMAHUSADA INDAH RAYA BLOK AA-19-AA25","jam_mulai":"10:00","jam_selesai":"23:00","jam_teks":"10.00 - 23.00","presisi":"perkiraan"}},{"type":"Feature","id":"f54253c5","geometry":{"type":"Point","coordinates":[112.74118526754621,-7.242095841435839]},"properties":{"alamat":"BONGKARAN 1 23","lokasi":"EXPEDISI TIMUR JAYA","jam_mulai":"08:00","jam_selesai":"17:00","jam_teks":"8:00 - 17:00","presisi":"perkiraan"}},{"type":"Feature","id":"f5b45c11","geometry":{"type":"Point","coordinates":[112.74225497918562,-7.239262423439066]},"properties":{"alamat":"BONGKARAN 38 40","lokasi":"EXPEDISI SUMBER SARI","jam_mulai":"08:00","jam_selesai":"17:00","jam_teks":"8:00 - 17:00","presisi":"perkiraan"}},{"type":"Feature","id":"2a593a33","geometry":{"type":"Point","coordinates":[112.74178666754635,-7.239055043044583]},"properties":{"alamat":"BONGKARAN 46 52","lokasi":"UD. PERMAK BARU","jam_mulai":"08:00","jam_selesai":"17:00","jam_teks":"8:00 - 17:00","presisi":"perkiraan"}},{"type":"Feature","id":"8634a02b","geometry":{"type":"Point","coordinates":[112.74186945405441,-7.238772172904799]},"properties":{"alamat":"BONGKARAN 54 62","lokasi":"UD. KALIMAS","jam_mulai":"08:00","jam_selesai":"17:00","jam_teks":"8:00 - 17:00","presisi":"perkiraan"}},{"type":"Feature","id":"7e05287a","geometry":{"type":"Point","coordinates":[112.74198792521868,-7.238144802734506]},"properties":{"alamat":"BONGKARAN 66 72","lokasi":"UD. SARI PLASTIK","jam_mulai":"08:00","jam_selesai":"17:00","jam_teks":"8:00 - 17:00","presisi":"perkiraan"}},{"type":"Feature","id":"00339e50","geometry":{"type":"Point","coordinates":[112.74193276754636,-7.240827046574244]},"properties":{"alamat":"BONGKARAN 8 16","lokasi":"PT. AGUNG SUKSES ABADI","jam_mulai":"08:00","jam_selesai":"17:00","jam_teks":"8:00 - 17:00","presisi":"perkiraan"}},{"type":"Feature","id":"96aac442","geometry":{"type":"Point","coordinates":[112.73595884056286,-7.2375548026097976]},"properties":{"alamat":"BRANJANGAN 2 6","lokasi":"RUKO JAKARTA LLYOD","jam_mulai":"08:00","jam_selesai":"17:00","jam_teks":"8:00 - 17:00","presisi":"perkiraan"}},{"type":"Feature","id":"efe99c8f","geometry":{"type":"Point","coordinates":[112.75980522707148,-7.298433819330482]},"properties":{"alamat":"BRATANG BINANGUN 42-44 SURABAYA","lokasi":"FOODCOURT BRATANG","jam_mulai":"10:00","jam_selesai":"21:00","jam_teks":"10:00 - 21:00","presisi":"perkiraan"}},{"type":"Feature","id":"3c4efaf6","geometry":{"type":"Point","coordinates":[112.75114049823547,-7.297875063889964]},"properties":{"alamat":"BRATANG GEDE 47","lokasi":"BEBEK KAYU TANGAN","jam_mulai":"10:00","jam_selesai":"21:00","jam_teks":"10:00 - 21:00","presisi":"perkiraan"}},{"type":"Feature","id":"f76386d3","geometry":{"type":"Point","coordinates":[112.72539091172689,-7.262907521733941]},"properties":{"alamat":"BROMO 17 19","lokasi":"DEPOT MIE HORAS","jam_mulai":"09:00","jam_selesai":"22:00","jam_teks":"9:00 - 22:00","presisi":"perkiraan"}},{"type":"Feature","id":"a51e1d26","geometry":{"type":"Point","coordinates":[112.7262136098743,-7.262798294932532]},"properties":{"alamat":"BROMO 5 - 7 SURABAYA","lokasi":"PERGUDANGAN","jam_mulai":"09:00","jam_selesai":"23:00","jam_teks":"9:00 - 23:00","presisi":"perkiraan"}},{"type":"Feature","id":"3ac47a11","geometry":{"type":"Point","coordinates":[112.71469979638267,-7.262458522359791]},"properties":{"alamat":"BROMO 78 - 78F SURABAYA","lokasi":"ES BUAH","jam_mulai":"08:00","jam_selesai":"17:00","jam_teks":"8:00 - 17:00","presisi":"perkiraan"}},{"type":"Feature","id":"0d4b48d9","geometry":{"type":"Point","coordinates":[112.76464509453011,-7.256913320921874]},"properties":{"alamat":"BRONGGALAN 26 SURABAYA","lokasi":"KIKIL SAPI","jam_mulai":"08:00","jam_selesai":"17:00","jam_teks":"8:00 - 17:00","presisi":"perkiraan"}},{"type":"Feature","id":"d2d346a2","geometry":{"type":"Point","coordinates":[112.765409219786,-7.255394718895737]},"properties":{"alamat":"BRONGGALAN SAWAH 38 50","lokasi":"DEPOT ABADI","jam_mulai":"08:00","jam_selesai":"17:00","jam_teks":"8:00 - 17:00","presisi":"perkiraan"}},{"type":"Feature","id":"0e3718f4","geometry":{"type":"Point","coordinates":[112.73619226569399,-7.24827902036449]},"properties":{"alamat":"BUBUTAN 105","lokasi":"TOKO NEW PATINDAH","jam_mulai":"09:00","jam_selesai":"17:00","jam_teks":"9:00 - 17:00","presisi":"perkiraan"}},{"type":"Feature","id":"3a7e938f","geometry":{"type":"Point","coordinates":[112.73633900987431,-7.248188149657367]},"properties":{"alamat":"BUBUTAN 107 117","lokasi":"VESPA AGUNG","jam_mulai":"09:00","jam_selesai":"17:00","jam_teks":"9:00 - 17:00","presisi":"perkiraan"}},{"type":"Feature","id":"8a93c1d9","geometry":{"type":"Point","coordinates":[112.73682885220218,-7.246091843507816]},"properties":{"alamat":"BUBUTAN 125 135","lokasi":"PECEL","jam_mulai":"09:00","jam_selesai":"21:00","jam_teks":"9:00 - 21:00","presisi":"perkiraan"}},{"type":"Feature","id":"35393b0a","geometry":{"type":"Point","coordinates":[112.73633424056278,-7.2440315448016825]},"properties":{"alamat":"BUBUTAN 143 A SURABAYA","lokasi":"TOKO SEJAHTERA","jam_mulai":"09:00","jam_selesai":"17:00","jam_teks":"9:00 - 17:00","presisi":"perkiraan"}},{"type":"Feature","id":"615bbab2","geometry":{"type":"Point","coordinates":[112.73613889452986,-7.244097815244419]},"properties":{"alamat":"BUBUTAN 143C","lokasi":"TOKO SINAR SURYA","jam_mulai":"09:00","jam_selesai":"17:00","jam_teks":"9:00 - 17:00","presisi":"perkiraan"}},{"type":"Feature","id":"ae4fe496","geometry":{"type":"Point","coordinates":[112.73629363871032,-7.24389472876291]},"properties":{"alamat":"BUBUTAN 143C 147C","lokasi":"PASAR AKIK","jam_mulai":"09:00","jam_selesai":"20:00","jam_teks":"9:00 - 20:00","presisi":"perkiraan"}},{"type":"Feature","id":"e747b9da","geometry":{"type":"Point","coordinates":[112.73651146569394,-7.248642389517487]},"properties":{"alamat":"BUBUTAN 144 140","lokasi":"BENGKEL YAMAHA","jam_mulai":"09:00","jam_selesai":"17:00","jam_teks":"9:00 - 17:00","presisi":"perkiraan"}},{"type":"Feature","id":"4ac126f7","geometry":{"type":"Point","coordinates":[112.73629363871032,-7.243926658369219]},"properties":{"alamat":"BUBUTAN 147 C SURABAYA","lokasi":"SENTRA KULINER BUBUTAN","jam_mulai":"09:00","jam_selesai":"22:00","jam_teks":"9:00 - 22:00","presisi":"perkiraan"}},{"type":"Feature","id":"550325ca","geometry":{"type":"Point","coordinates":[112.73420823871044,-7.25416307656032]},"properties":{"alamat":"BUBUTAN 17 29","lokasi":"FAJAR MOTOR","jam_mulai":"09:00","jam_selesai":"17:00","jam_teks":"9:00 - 17:00","presisi":"perkiraan"}},{"type":"Feature","id":"4e2eabd0","geometry":{"type":"Point","coordinates":[112.73436526754644,-7.253837963851219]},"properties":{"alamat":"BUBUTAN 31 49","lokasi":"TK SEMERU","jam_mulai":"09:00","jam_selesai":"17:00","jam_teks":"9:00 - 17:00","presisi":"perkiraan"}},{"type":"Feature","id":"26ca23ed","geometry":{"type":"Point","coordinates":[112.7346396693989,-7.253306005103353]},"properties":{"alamat":"BUBUTAN 51 65","lokasi":"TOKO SENTOSA","jam_mulai":"09:00","jam_selesai":"17:00","jam_teks":"9:00 - 17:00","presisi":"perkiraan"}},{"type":"Feature","id":"50af9c27","geometry":{"type":"Point","coordinates":[112.7354076405629,-7.250638706670064]},"properties":{"alamat":"BUBUTAN 85 91","lokasi":"GEDUNG GNI","jam_mulai":"09:00","jam_selesai":"17:00","jam_teks":"9:00 - 17:00","presisi":"perkiraan"}},{"type":"Feature","id":"029af9f5","geometry":{"type":"Point","coordinates":[112.73543590987428,-7.2495655591843144]},"properties":{"alamat":"BUBUTAN 93 95","lokasi":"HALLO SURABAYA","jam_mulai":"09:00","jam_selesai":"17:00","jam_teks":"9:00 - 17:00","presisi":"perkiraan"}},{"type":"Feature","id":"3b2505ba","geometry":{"type":"Point","coordinates":[112.73614226754637,-7.248951018859043]},"properties":{"alamat":"BUBUTAN 97 99","lokasi":"WARUNG NASI AMPERA","jam_mulai":"09:00","jam_selesai":"17:00","jam_teks":"9:00 - 17:00","presisi":"perkiraan"}},{"type":"Feature","id":"b11539d5","geometry":{"type":"Point","coordinates":[112.69705948289102,-7.290495492888005]},"properties":{"alamat":"BUKIT DARMO GOLF 01 - SURABAYA","lokasi":"RUKO DARMO GOLF","jam_mulai":"08:00","jam_selesai":"17:00","jam_teks":"8:00 - 17:00","presisi":"perkiraan"}},{"type":"Feature","id":"2e6083fa","geometry":{"type":"Point","coordinates":[112.7632935147328,-7.220528032423564]},"properties":{"alamat":"BULAK BANTENG 7/59","lokasi":"TOKO KAIN /MODES/PENJAHIT","jam_mulai":"08:00","jam_selesai":"17:00","jam_teks":"8:00 - 17:00","presisi":"perkiraan"}},{"type":"Feature","id":"1f33f7ff","geometry":{"type":"Point","coordinates":[112.74610191172664,-7.242303671248361]},"properties":{"alamat":"BUNGURAN 19 - 21 SURABAYA","lokasi":"DEPAN PASAR ATOM","jam_mulai":"08:00","jam_selesai":"17:00","jam_teks":"8:00 - 17:00","presisi":"perkiraan"}},{"type":"Feature","id":"d7113ac3","geometry":{"type":"Point","coordinates":[112.74573828289074,-7.242119376545336]},"properties":{"alamat":"BUNGURAN 23 - 25H SURABAYA","lokasi":"TOKO PANDAN SARI","jam_mulai":"08:00","jam_selesai":"17:00","jam_teks":"8:00 - 17:00","presisi":"perkiraan"}},{"type":"Feature","id":"bd2973b4","geometry":{"type":"Point","coordinates":[112.74546069638234,-7.241561616946667]},"properties":{"alamat":"BUNGURAN 31 - 33 SURABAYA","lokasi":"TOKO BESUKI PLASTIK - TOKO MAINAN","jam_mulai":"08:00","jam_selesai":"17:00","jam_teks":"8:00 - 17:00","presisi":"perkiraan"}},{"type":"Feature","id":"9f7420fb","geometry":{"type":"Point","coordinates":[112.74430084056277,-7.24089087350268]},"properties":{"alamat":"BUNGURAN 37A","lokasi":"UD. SEMANGAT MULYA - GROSIR BAJU","jam_mulai":"08:00","jam_selesai":"17:00","jam_teks":"8:00 - 17:00","presisi":"perkiraan"}},{"type":"Feature","id":"96849e83","geometry":{"type":"Point","coordinates":[112.74468066569379,-7.239640073149663]},"properties":{"alamat":"BUNGURAN 55 - 63 SURABAYA","lokasi":"TOKO DONAT TIARA","jam_mulai":"08:00","jam_selesai":"17:00","jam_teks":"8:00 - 17:00","presisi":"perkiraan"}},{"type":"Feature","id":"8a275eb1","geometry":{"type":"Point","coordinates":[112.7447357828907,-7.238976243016786]},"properties":{"alamat":"BUNGURAN 69 91","lokasi":"TOKO BONGPAY","jam_mulai":"08:00","jam_selesai":"17:00","jam_teks":"8:00 - 17:00","presisi":"perkiraan"}},{"type":"Feature","id":"29a3f066","geometry":{"type":"Point","coordinates":[112.73851565034977,-7.2687763535565395]},"properties":{"alamat":"CEMPAKA 2 16","lokasi":"MSCS","jam_mulai":"08:00","jam_selesai":"21:00","jam_teks":"8:00 - 21:00","presisi":"perkiraan"}},{"type":"Feature","id":"19b07c19","geometry":{"type":"Point","coordinates":[112.73894008103841,-7.268931857144871]},"properties":{"alamat":"CEMPAKA 3 29","lokasi":"GEREJA MAWAR SARON","jam_mulai":"05:00","jam_selesai":"21:00","jam_teks":"5:00 - 21:00","presisi":"perkiraan"}},{"type":"Feature","id":"e06f09ae","geometry":{"type":"Point","coordinates":[112.75503511358016,-7.3496930383029575]},"properties":{"alamat":"CENDRAWASIH 1 8","lokasi":"BANK BII","jam_mulai":"08:00","jam_selesai":"17:00","jam_teks":"8:00 - 17:00","presisi":"perkiraan"}},{"type":"Feature","id":"fe3d4473","geometry":{"type":"Point","coordinates":[112.73617925220202,-7.237519475569061]},"properties":{"alamat":"CENDRAWASIH 20 24","lokasi":"AGEN AQUA","jam_mulai":"08:00","jam_selesai":"17:00","jam_teks":"8:00 - 17:00","presisi":"perkiraan"}},{"type":"Feature","id":"92bca111","geometry":{"type":"Point","coordinates":[112.7385816117271,-7.291468014699691]},"properties":{"alamat":"CILIWUNG 4 12","lokasi":"DEPOT PECEL PAK DI","jam_mulai":"08:00","jam_selesai":"15:00","jam_teks":"8:00 - 15:00","presisi":"perkiraan"}},{"type":"Feature","id":"f3d6a163","geometry":{"type":"Point","coordinates":[112.73487798289105,-7.293970662501019]},"properties":{"alamat":"CILIWUNG 42 46","lokasi":"KANTOR POST","jam_mulai":"07:00","jam_selesai":"20:00","jam_teks":"7:00 - 20:00","presisi":"perkiraan"}},{"type":"Feature","id":"9a924143","geometry":{"type":"Point","coordinates":[112.73356675220245,-7.295032059052332]},"properties":{"alamat":"CILIWUNG 69 125","lokasi":"DEPOT BAKSO SOLO","jam_mulai":"09:00","jam_selesai":"22:00","jam_teks":"9:00 - 22:00","presisi":"perkiraan"}},{"type":"Feature","id":"689d51a8","geometry":{"type":"Point","coordinates":[112.73682093871058,-7.287946070207984]},"properties":{"alamat":"CIMANUK 0","lokasi":"POLIKLINIK HAEMODIKLISIS","jam_mulai":"08:00","jam_selesai":"16:00","jam_teks":"8:00 - 16:00","presisi":"perkiraan"}},{"type":"Feature","id":"8dad872c","geometry":{"type":"Point","coordinates":[112.73998850802178,-7.239442050352115]},"properties":{"alamat":"COKLAT 12 14","lokasi":"UOB BUANA","jam_mulai":"08:00","jam_selesai":"17:00","jam_teks":"08.00 - 17.00","presisi":"perkiraan"}},{"type":"Feature","id":"f6182227","geometry":{"type":"Point","coordinates":[112.7398544503496,-7.239711240200016]},"properties":{"alamat":"COKLAT 16 SURABAYA","lokasi":"BANK PANIN","jam_mulai":"08:00","jam_selesai":"17:00","jam_teks":"08.00 - 17.00","presisi":"perkiraan"}},{"type":"Feature","id":"70206aed","geometry":{"type":"Point","coordinates":[112.73961988103821,-7.239908240302076]},"properties":{"alamat":"COKLAT 19","lokasi":"PT. BPR KUSANDA","jam_mulai":"08:00","jam_selesai":"17:00","jam_teks":"08.00 - 17.00","presisi":"perkiraan"}},{"type":"Feature","id":"9889108e","geometry":{"type":"Point","coordinates":[112.74026728289064,-7.2396106999409975]},"properties":{"alamat":"COKLAT 8 SURABAYA","lokasi":"BANK DANAMON","jam_mulai":"08:00","jam_selesai":"17:00","jam_teks":"08.00 - 17.00","presisi":"perkiraan"}},{"type":"Feature","id":"986426b1","geometry":{"type":"Point","coordinates":[112.74001212521897,-7.286744564650799]},"properties":{"alamat":"COMAL 3 - 5 SURABAYA","lokasi":"PIZZA HUT","jam_mulai":"09:00","jam_selesai":"22:00","jam_teks":"9:00 - 22:00","presisi":"perkiraan"}},{"type":"Feature","id":"cba08f64","geometry":{"type":"Point","coordinates":[112.73460632336591,-7.229518047850107]},"properties":{"alamat":"DAPUAN BARU 17 19","lokasi":"PERGUDANGAN","jam_mulai":"08:00","jam_selesai":"17:00","jam_teks":"8:00 - 17:00","presisi":"perkiraan"}},{"type":"Feature","id":"20940522","geometry":{"type":"Point","coordinates":[112.76216768289086,-7.265602925590833]},"properties":{"alamat":"DARMA HUSADA 0","lokasi":"SENTRA PKL","jam_mulai":"08:00","jam_selesai":"21:00","jam_teks":"8:00 - 21:00","presisi":"perkiraan"}},{"type":"Feature","id":"896d1a92","geometry":{"type":"Point","coordinates":[112.76356288103834,-7.2659862258173975]},"properties":{"alamat":"DARMA HUSADA 46 56","lokasi":"SOTO AYAM","jam_mulai":"07:00","jam_selesai":"21:00","jam_teks":"7:00 - 21:00","presisi":"perkiraan"}},{"type":"Feature","id":"50cc541d","geometry":{"type":"Point","coordinates":[112.77551556939918,-7.271490443985988]},"properties":{"alamat":"DARMA HUSADA INDAH 1 B 154 155","lokasi":"BON AMI","jam_mulai":"10:00","jam_selesai":"22:00","jam_teks":"10:00 - 22:00","presisi":"perkiraan"}},{"type":"Feature","id":"0ab9e683","geometry":{"type":"Point","coordinates":[112.77348810987456,-7.268422840341477]},"properties":{"alamat":"DARMAHUSADA 190 - 192 SURABAYA","lokasi":"RM. COKRO / ETERNA MEDICA","jam_mulai":"09:00","jam_selesai":"23:00","jam_teks":"9:00 - 23:00","presisi":"perkiraan"}},{"type":"Feature","id":"41570e3b","geometry":{"type":"Point","coordinates":[112.69613799638286,-7.278935772421462]},"properties":{"alamat":"DARMO BARU BARAT 85 SURABAYA","lokasi":"DEPOT PINGLAO","jam_mulai":"08:00","jam_selesai":"17:00","jam_teks":"8:00 - 17:00","presisi":"perkiraan"}},{"type":"Feature","id":"10780f44","geometry":{"type":"Point","coordinates":[112.68635066569402,-7.263654367168336]},"properties":{"alamat":"DARMO INDAH TIMUR 21 24","lokasi":"TOKO KEN 88","jam_mulai":"08:00","jam_selesai":"17:00","jam_teks":"8:00 - 17:00","presisi":"perkiraan"}},{"type":"Feature","id":"110a6420","geometry":{"type":"Point","coordinates":[112.70065239638274,-7.2853762106534825]},"properties":{"alamat":"DARMO PERMAI","lokasi":"PECEL","jam_mulai":"09:00","jam_selesai":"22:00","jam_teks":"9:00 - 22:00","presisi":"perkiraan"}},{"type":"Feature","id":"ef564c7a","geometry":{"type":"Point","coordinates":[112.69357609638274,-7.283721151807428]},"properties":{"alamat":"DARMO PERMAI I 0","lokasi":"DEPAN PASAR DARMO PERMAI","jam_mulai":"08:00","jam_selesai":"17:00","jam_teks":"8:00 - 17:00","presisi":"perkiraan"}},{"type":"Feature","id":"e45068b8","geometry":{"type":"Point","coordinates":[112.69588413871061,-7.281410977252964]},"properties":{"alamat":"DARMO PERMAI I 45 51","lokasi":"DEPOT SHANGHAI DEPOT BU AGUS","jam_mulai":"08:00","jam_selesai":"22:00","jam_teks":"8:00 - 22:00","presisi":"perkiraan"}},{"type":"Feature","id":"56499b72","geometry":{"type":"Point","coordinates":[112.68929494056309,-7.282283342928283]},"properties":{"alamat":"DARMO PERMAI SELATAN II 26","lokasi":"ROYAL MEDIKATAMA","jam_mulai":"08:00","jam_selesai":"17:00","jam_teks":"8:00 - 17:00","presisi":"perkiraan"}},{"type":"Feature","id":"215be07f","geometry":{"type":"Point","coordinates":[112.72073372521845,-7.2439542400365315]},"properties":{"alamat":"DEMAK 235 - 239 SURABAYA","lokasi":"PASAR SORE","jam_mulai":"15:00","jam_selesai":"22:00","jam_teks":"15:00 - 22:00","presisi":"perkiraan"}},{"type":"Feature","id":"ae5caa91","geometry":{"type":"Point","coordinates":[112.72028525220199,-7.240486440601714]},"properties":{"alamat":"DEMAK 289 301","lokasi":"TOKO MAJU JAYA","jam_mulai":"08:00","jam_selesai":"17:00","jam_teks":"8:00 - 17:00","presisi":"perkiraan"}},{"type":"Feature","id":"de96dd9d","geometry":{"type":"Point","coordinates":[112.72071024502638,-7.239224124544395]},"properties":{"alamat":"DEMAK 302 SURABAYA","lokasi":"LUBERAN BANK BRI","jam_mulai":"08:00","jam_selesai":"17:00","jam_teks":"8:00 - 17:00","presisi":"perkiraan"}},{"type":"Feature","id":"9b913594","geometry":{"type":"Point","coordinates":[112.72085078289068,-7.239118693423456]},"properties":{"alamat":"DEMAK 304","lokasi":"DEPAN DEPOT SURAMADU","jam_mulai":"10:00","jam_selesai":"20:00","jam_teks":"10:00 - 20:00","presisi":"perkiraan"}},{"type":"Feature","id":"6c735cef","geometry":{"type":"Point","coordinates":[112.72060495034955,-7.2382507227955255]},"properties":{"alamat":"DEMAK 322 - 316","lokasi":"IKAN BAKAR - MIXUE","jam_mulai":"07:00","jam_selesai":"22:00","jam_teks":"7:00 - 22:00","presisi":"perkiraan"}},{"type":"Feature","id":"b5386301","geometry":{"type":"Point","coordinates":[112.720744152202,-7.238253239444581]},"properties":{"alamat":"DEMAK 326 - 330 SURABAYA","lokasi":"EXPEDISI PRIMA JASA ABADI","jam_mulai":"08:00","jam_selesai":"17:00","jam_teks":"8:00 - 17:00","presisi":"perkiraan"}},{"type":"Feature","id":"412e6c10","geometry":{"type":"Point","coordinates":[112.72072118103809,-7.237429452319194]},"properties":{"alamat":"DEMAK 344 348","lokasi":"TOKO WARAS JAYA - EXPEDISI ULUNG JAYA","jam_mulai":"08:00","jam_selesai":"17:00","jam_teks":"8:00 - 17:00","presisi":"perkiraan"}},{"type":"Feature","id":"45ac97e2","geometry":{"type":"Point","coordinates":[112.73543033871056,-7.267385600250828]},"properties":{"alamat":"DEPAN BANK BRI","lokasi":"TEGALSARI 155","jam_mulai":"08:00","jam_selesai":"16:00","jam_teks":"8:00 - 16:00","presisi":"perkiraan"}},{"type":"Feature","id":"e944ceee","geometry":{"type":"Point","coordinates":[112.73432916569418,-7.2884784598811]},"properties":{"alamat":"DEPAN EXCELSO","lokasi":"OPAK 24","jam_mulai":"09:00","jam_selesai":"21:00","jam_teks":"9:00 - 21:00","presisi":"perkiraan"}},{"type":"Feature","id":"a3a7872b","geometry":{"type":"Point","coordinates":[112.73980839638264,-7.286372444186392]},"properties":{"alamat":"DEPAN HOTEL TULIP","lokasi":"BINTORO 13 - 29","jam_mulai":"07:00","jam_selesai":"24:00","jam_teks":"07.00 - 24.00","presisi":"perkiraan"}},{"type":"Feature","id":"017e06ac","geometry":{"type":"Point","coordinates":[112.72526370987435,-7.25566211929831]},"properties":{"alamat":"DEPAN PUSKESMAS","lokasi":"KALIBUTUH","jam_mulai":"08:00","jam_selesai":"17:00","jam_teks":"8:00 - 17:00","presisi":"perkiraan"}},{"type":"Feature","id":"8815d7a1","geometry":{"type":"Point","coordinates":[112.7329933080216,-7.215228252046715]},"properties":{"alamat":"DEPAN PUSKESMAS","lokasi":"PERAK BARAT","jam_mulai":"08:00","jam_selesai":"17:00","jam_teks":"8:00 - 17:00","presisi":"perkiraan"}},{"type":"Feature","id":"3b7337ff","geometry":{"type":"Point","coordinates":[112.78235294056311,-7.268958894476446]},"properties":{"alamat":"DHARMA HUSADA INDAH 103","lokasi":"MIE SETAN","jam_mulai":"10:00","jam_selesai":"23:00","jam_teks":"10:00 - 23.00","presisi":"perkiraan"}},{"type":"Feature","id":"3437e822","geometry":{"type":"Point","coordinates":[112.7818002387106,-7.271197773601779]},"properties":{"alamat":"DHARMA HUSADA INDAH 134","lokasi":"PANGSIT IEGAJAH MADA","jam_mulai":"11:00","jam_selesai":"22:00","jam_teks":"11:00 - 22:00","presisi":"perkiraan"}},{"type":"Feature","id":"18f30163","geometry":{"type":"Point","coordinates":[112.76813065220234,-7.266322140684831]},"properties":{"alamat":"DHARMAHUSADA","lokasi":"LUBERAN SUPERINDO","jam_mulai":"10:00","jam_selesai":"22:00","jam_teks":"10:00 - 22:00","presisi":"jalan"}},{"type":"Feature","id":"726d1eff","geometry":{"type":"Point","coordinates":[112.76813065220234,-7.266322140684831]},"properties":{"alamat":"DHARMAHUSADA","lokasi":"TAHU TEK JAYEN","jam_mulai":"10:00","jam_selesai":"22:00","jam_teks":"10:00 - 22:00","presisi":"jalan"}},{"type":"Feature","id":"3eba37ab","geometry":{"type":"Point","coordinates":[112.77258219638263,-7.268174341867632]},"properties":{"alamat":"DHARMAHUSADA NO. 178 SURABAYA","lokasi":"AWILIGAR CONTAINER","jam_mulai":"08:00","jam_selesai":"16:00","jam_teks":"8:00 - 16:00","presisi":"perkiraan"}},{"type":"Feature","id":"b6c822d0","geometry":{"type":"Point","coordinates":[112.75601303685805,-7.274106233256455]},"properties":{"alamat":"DHARMAWANGSA 106A","lokasi":"FOTO COPY RAMAYANA","jam_mulai":"09:00","jam_selesai":"16:00","jam_teks":"9:00 - 16:00","presisi":"perkiraan"}},{"type":"Feature","id":"5ee6f0d7","geometry":{"type":"Point","coordinates":[112.75601635405486,-7.2793756267533904]},"properties":{"alamat":"DHARMAWANGSA 113","lokasi":"RESTO COCOFRIO ICE CREAM","jam_mulai":"14:00","jam_selesai":"21:00","jam_teks":"14:00 - 21:00","presisi":"perkiraan"}},{"type":"Feature","id":"828dbf63","geometry":{"type":"Point","coordinates":[112.75593065034995,-7.2796484033025015]},"properties":{"alamat":"DHARMAWANGSA 117","lokasi":"SATE PONOROGO","jam_mulai":"08:00","jam_selesai":"23:00","jam_teks":"8:00 - 23:00","presisi":"perkiraan"}},{"type":"Feature","id":"e5f5ff96","geometry":{"type":"Point","coordinates":[112.75608032521886,-7.279868088103647]},"properties":{"alamat":"DHARMAWANGSA 121","lokasi":"SHOWROOM MOBIL","jam_mulai":"08:00","jam_selesai":"21:00","jam_teks":"8:00 - 21:00","presisi":"perkiraan"}},{"type":"Feature","id":"37502386","geometry":{"type":"Point","coordinates":[112.75602388103847,-7.27997839987443]},"properties":{"alamat":"DHARMAWANGSA 123 136","lokasi":"APOTIK DARMAWANGSA - WARUNG GUDEG","jam_mulai":"09:00","jam_selesai":"16:00","jam_teks":"9:00 - 16:00","presisi":"perkiraan"}},{"type":"Feature","id":"6a63b35a","geometry":{"type":"Point","coordinates":[112.75579122521876,-7.276532141159958]},"properties":{"alamat":"DHARMAWANGSA 140 144","lokasi":"DEPOT TAHU CAMPUR","jam_mulai":"09:00","jam_selesai":"21:00","jam_teks":"9:00 - 21:00","presisi":"perkiraan"}},{"type":"Feature","id":"4e4a9b5f","geometry":{"type":"Point","coordinates":[112.75554505220238,-7.277519929449529]},"properties":{"alamat":"DHARMAWANGSA 32 39","lokasi":"AYAM BAKAR - FOTO GOFI","jam_mulai":"09:00","jam_selesai":"21:00","jam_teks":"9:00 - 21:00","presisi":"perkiraan"}},{"type":"Feature","id":"349ba303","geometry":{"type":"Point","coordinates":[112.7564395982352,-7.274725615920304]},"properties":{"alamat":"DHARMAWANGSA 47 55","lokasi":"DEPOT SATE","jam_mulai":"09:00","jam_selesai":"22:00","jam_teks":"9:00 - 22:00","presisi":"perkiraan"}},{"type":"Feature","id":"f1a7a1ee","geometry":{"type":"Point","coordinates":[112.75623009638268,-7.270627698819215]},"properties":{"alamat":"DHARMAWANGSA 52 60A","lokasi":"TOKO ACCU ANUGRAH JAYA 58 - PKL SATE","jam_mulai":"15:00","jam_selesai":"21:00","jam_teks":"15:00 - 21:00","presisi":"perkiraan"}},{"type":"Feature","id":"bc2a000c","geometry":{"type":"Point","coordinates":[112.75629504056307,-7.2753724191156355]},"properties":{"alamat":"DHARMAWANGSA 57 - 61 SURABAYA","lokasi":"DEPOT SOTO AYAM","jam_mulai":"15:00","jam_selesai":"21:00","jam_teks":"15:00 - 21:00","presisi":"perkiraan"}},{"type":"Feature","id":"139f9a36","geometry":{"type":"Point","coordinates":[112.75611855220227,-7.275581976819549]},"properties":{"alamat":"DHARMAWANGSA 61 69","lokasi":"DEPOT SARI RASA","jam_mulai":"09:00","jam_selesai":"21:00","jam_teks":"9:00 - 21:00","presisi":"perkiraan"}},{"type":"Feature","id":"09f376d4","geometry":{"type":"Point","coordinates":[112.75619081172708,-7.276655956350654]},"properties":{"alamat":"DHARMAWANGSA 71 - 77 SURABAYA","lokasi":"ANUGERAH MOTOR","jam_mulai":"09:00","jam_selesai":"21:00","jam_teks":"9:00 - 21:00","presisi":"perkiraan"}},{"type":"Feature","id":"e6b6d79b","geometry":{"type":"Point","coordinates":[112.75628794056303,-7.271705844123618]},"properties":{"alamat":"DHARMAWANGSA 72 - 80 SURABAYA","lokasi":"TOKO CAHAYA","jam_mulai":"08:00","jam_selesai":"21:00","jam_teks":"8:00 - 21:00","presisi":"perkiraan"}},{"type":"Feature","id":"4dc7e8c8","geometry":{"type":"Point","coordinates":[112.75624896754672,-7.272462744607259]},"properties":{"alamat":"DHARMAWANGSA 80 SURABAYA","lokasi":"DEPAN BRI","jam_mulai":"09:00","jam_selesai":"17:00","jam_teks":"9:00 - 17:00","presisi":"perkiraan"}},{"type":"Feature","id":"8a7db0c8","geometry":{"type":"Point","coordinates":[112.75611693685806,-7.272710759738406]},"properties":{"alamat":"DHARMAWANGSA 82 88","lokasi":"GAYA PHOTO","jam_mulai":"08:00","jam_selesai":"17:00","jam_teks":"8:00 - 17:00","presisi":"perkiraan"}},{"type":"Feature","id":"a437c9cd","geometry":{"type":"Point","coordinates":[112.75614899638266,-7.273427757711906]},"properties":{"alamat":"DHARMAWANGSA 88","lokasi":"FOTO COPY","jam_mulai":"09:00","jam_selesai":"20:00","jam_teks":"9:00 - 20:00","presisi":"perkiraan"}},{"type":"Feature","id":"c16d7ef3","geometry":{"type":"Point","coordinates":[112.74619356754664,-7.28301845547789]},"properties":{"alamat":"DINOYO","lokasi":"PASAR KEPUTERAN SELATAN","jam_mulai":"21:00","jam_selesai":"06:00","jam_teks":"21:00 - 6:00","presisi":"perkiraan"}},{"type":"Feature","id":"aee8ea72","geometry":{"type":"Point","coordinates":[112.734331154055,-7.286840806881421]},"properties":{"alamat":"DIPONEGORO 109","lokasi":"RM HAPPY SUZY","jam_mulai":"08:00","jam_selesai":"20:00","jam_teks":"8:00 - 20:00","presisi":"perkiraan"}},{"type":"Feature","id":"9fd378f3","geometry":{"type":"Point","coordinates":[112.73174005405475,-7.2801324188647945]},"properties":{"alamat":"DIPONEGORO 156 SURABAYA","lokasi":"DEPAN ALFA EXPRESS","jam_mulai":"10:00","jam_selesai":"17:00","jam_teks":"10:00 - 17:00","presisi":"perkiraan"}},{"type":"Feature","id":"4970f9a9","geometry":{"type":"Point","coordinates":[112.72824052521872,-7.276379359248804]},"properties":{"alamat":"DIPONEGORO 208B 226","lokasi":"TOKO SEPEDA / ASURANSI","jam_mulai":"08:00","jam_selesai":"17:00","jam_teks":"8:00 - 17:00","presisi":"perkiraan"}},{"type":"Feature","id":"9add8c2c","geometry":{"type":"Point","coordinates":[112.73788012521906,-7.29274578370326]},"properties":{"alamat":"DIPONEGORO 22 24","lokasi":"GEREJA GKI","jam_mulai":"08:00","jam_selesai":"17:00","jam_teks":"8:00 - 17:00","presisi":"perkiraan"}},{"type":"Feature","id":"eeab0b8f","geometry":{"type":"Point","coordinates":[112.73567936939924,-7.287996996696242]},"properties":{"alamat":"DIPONEGORO 52","lokasi":"PRAKTEK DR. GATOT","jam_mulai":"17:00","jam_selesai":"21:00","jam_teks":"17:00 - 21:00","presisi":"perkiraan"}},{"type":"Feature","id":"d01aa57f","geometry":{"type":"Point","coordinates":[112.73467743871075,-7.287538680738764]},"properties":{"alamat":"DIPONEGORO 95","lokasi":"DR SUSANTO","jam_mulai":"16:00","jam_selesai":"21:00","jam_teks":"16:00 - 21:00","presisi":"perkiraan"}},{"type":"Feature","id":"2130b7a2","geometry":{"type":"Point","coordinates":[112.73531008103849,-7.283273178311993]},"properties":{"alamat":"DR SOETOMO","lokasi":"CAFE / BON AMI","jam_mulai":"08:00","jam_selesai":"22:00","jam_teks":"8:00 - 22:00","presisi":"jalan"}},{"type":"Feature","id":"fe085cb3","geometry":{"type":"Point","coordinates":[112.73531008103849,-7.283273178311993]},"properties":{"alamat":"DR SOETOMO","lokasi":"DEFORET","jam_mulai":"08:00","jam_selesai":"21:00","jam_teks":"8:00 - 21:00","presisi":"jalan"}},{"type":"Feature","id":"73dbcbb0","geometry":{"type":"Point","coordinates":[112.73531008103849,-7.283273178311993]},"properties":{"alamat":"DR SOETOMO","lokasi":"CAFE BREAK","jam_mulai":"08:00","jam_selesai":"17:00","jam_teks":"8:00 - 17:00","presisi":"jalan"}},{"type":"Feature","id":"345c5368","geometry":{"type":"Point","coordinates":[112.73177397918607,-7.285252010571053]},"properties":{"alamat":"DR SOETOMO 103 105","lokasi":"PASAR PAKIS","jam_mulai":"06:00","jam_selesai":"18:00","jam_teks":"6:00 - 18:00","presisi":"perkiraan"}},{"type":"Feature","id":"3d988297","geometry":{"type":"Point","coordinates":[112.73178026939922,-7.284682848038541]},"properties":{"alamat":"DR SOETOMO 132","lokasi":"FUSIA / APUNG","jam_mulai":"08:00","jam_selesai":"21:00","jam_teks":"8:00 - 21:00","presisi":"perkiraan"}},{"type":"Feature","id":"475eb527","geometry":{"type":"Point","coordinates":[112.74263882336604,-7.234287959745848]},"properties":{"alamat":"DUKUH 101 105","lokasi":"UD KARYA AGUNG","jam_mulai":"17:00","jam_selesai":"23:00","jam_teks":"17:00 - 23:00","presisi":"perkiraan"}},{"type":"Feature","id":"24ae8ec3","geometry":{"type":"Point","coordinates":[112.74447572521842,-7.237969862608074]},"properties":{"alamat":"DUKUH 3 23","lokasi":"TOKO MESIN ABADI","jam_mulai":"08:00","jam_selesai":"17:00","jam_teks":"8:00 - 17:00","presisi":"perkiraan"}},{"type":"Feature","id":"460c7716","geometry":{"type":"Point","coordinates":[112.74355953685776,-7.236484061452919]},"properties":{"alamat":"DUKUH 33 47","lokasi":"TOKO CAHAYA LISTRIK","jam_mulai":"08:00","jam_selesai":"17:00","jam_teks":"8:00 - 17:00","presisi":"perkiraan"}},{"type":"Feature","id":"19a28b39","geometry":{"type":"Point","coordinates":[112.74400125220208,-7.237041852100203]},"properties":{"alamat":"DUKUH 36 50","lokasi":"TOKO UD.SETIA","jam_mulai":"08:00","jam_selesai":"17:00","jam_teks":"8:00 - 17:00","presisi":"perkiraan"}},{"type":"Feature","id":"07d0d38c","geometry":{"type":"Point","coordinates":[112.7430275656939,-7.235966351492357]},"properties":{"alamat":"DUKUH 53 59","lokasi":"UD.LIMA TIGA","jam_mulai":"08:00","jam_selesai":"22:00","jam_teks":"8:00 - 22:00","presisi":"perkiraan"}},{"type":"Feature","id":"f9395e5c","geometry":{"type":"Point","coordinates":[112.74337245034951,-7.2362960950545965]},"properties":{"alamat":"DUKUH 63 77","lokasi":"UD. SINAR HARAPAN","jam_mulai":"08:00","jam_selesai":"17:00","jam_teks":"8:00 - 17:00","presisi":"perkiraan"}},{"type":"Feature","id":"75ca8707","geometry":{"type":"Point","coordinates":[112.74290880987425,-7.234957207514912]},"properties":{"alamat":"DUKUH 81 97","lokasi":"TOKO SINGA MAS","jam_mulai":"08:00","jam_selesai":"17:00","jam_teks":"8:00 - 17:00","presisi":"perkiraan"}},{"type":"Feature","id":"53f26f39","geometry":{"type":"Point","coordinates":[112.71696591172692,-7.276588004822331]},"properties":{"alamat":"DUKUH KUPANG 20 /1 SURABAYA","lokasi":"ANEKA PENYETAN / PKL","jam_mulai":"14:30","jam_selesai":"22:00","jam_teks":"14:30 - 22:00","presisi":"perkiraan"}},{"type":"Feature","id":"07c1f1a3","geometry":{"type":"Point","coordinates":[112.71720316939917,-7.280518854050206]},"properties":{"alamat":"DUKUH KUPANG 25","lokasi":"UNIVERSITASWIJAYA KUSUMA","jam_mulai":"09:00","jam_selesai":"22:00","jam_teks":"9:00 - 22:00","presisi":"perkiraan"}},{"type":"Feature","id":"9418ebb3","geometry":{"type":"Point","coordinates":[112.70860525405496,-7.281603877362659]},"properties":{"alamat":"DUKUH KUPANG BARAT - SURABAYA","lokasi":"DEPAN PASAR DUKUH KUPANG","jam_mulai":"15:00","jam_selesai":"22:00","jam_teks":"15:00 - 22:00","presisi":"perkiraan"}},{"type":"Feature","id":"68f2e764","geometry":{"type":"Point","coordinates":[112.7079712522025,-7.284842110298943]},"properties":{"alamat":"DUKUH KUPANG BARAT 107 115A","lokasi":"DEPOT BAKSO PRATAMA","jam_mulai":"08:00","jam_selesai":"16:00","jam_teks":"8:00 - 16:00","presisi":"perkiraan"}},{"type":"Feature","id":"7a40c4cc","geometry":{"type":"Point","coordinates":[112.7088375963828,-7.280965507726044]},"properties":{"alamat":"DUKUH KUPANG BARAT 16 - 29 - SURABAYA","lokasi":"TOKO BUMI JAYA 2","jam_mulai":"08:00","jam_selesai":"14:30","jam_teks":"8:00 - 14:30","presisi":"perkiraan"}},{"type":"Feature","id":"f0bdd5c7","geometry":{"type":"Point","coordinates":[112.70917489453025,-7.279287433687024]},"properties":{"alamat":"DUKUH KUPANG BARAT 25 SURABAYA","lokasi":"PKL NASI BABAT","jam_mulai":"19:00","jam_selesai":"22:00","jam_teks":"19:00 - 22:00","presisi":"perkiraan"}},{"type":"Feature","id":"cd645759","geometry":{"type":"Point","coordinates":[112.70922676357957,-7.27776563278593]},"properties":{"alamat":"DUKUH KUPANG BARAT 50","lokasi":"SEKOLAH DHARMA MULYA","jam_mulai":"08:00","jam_selesai":"22:00","jam_teks":"8:00 - 22:00","presisi":"perkiraan"}},{"type":"Feature","id":"6670ffc3","geometry":{"type":"Point","coordinates":[112.70789845590743,-7.284163440882438]},"properties":{"alamat":"DUKUH KUPANG BARAT 83 85","lokasi":"DEPOT SOTO MADURA","jam_mulai":"09:00","jam_selesai":"21:00","jam_teks":"9:00 - 21:00","presisi":"perkiraan"}},{"type":"Feature","id":"140d3d59","geometry":{"type":"Point","coordinates":[112.70960926754663,-7.277815714366376]},"properties":{"alamat":"DUKUH KUPANG BARAT 9 11","lokasi":"TOKO SEMBILAN","jam_mulai":"08:00","jam_selesai":"21:00","jam_teks":"8:00 - 21:00","presisi":"perkiraan"}},{"type":"Feature","id":"346ba613","geometry":{"type":"Point","coordinates":[112.71262511172691,-7.27794124484516]},"properties":{"alamat":"DUKUH KUPANG BARAT I 2 4","lokasi":"BAKSO PASAR","jam_mulai":"09:00","jam_selesai":"20:00","jam_teks":"9:00 - 20:00","presisi":"perkiraan"}},{"type":"Feature","id":"ae8e3f2b","geometry":{"type":"Point","coordinates":[112.71259091046241,-7.277890338628067]},"properties":{"alamat":"DUKUH KUPANG BARAT I NO. 1B-1C","lokasi":"DEPOT MIE AYAM PALU","jam_mulai":"10:00","jam_selesai":"21:00","jam_teks":"10.00 - 21.00","presisi":"perkiraan"}},{"type":"Feature","id":"71222087","geometry":{"type":"Point","coordinates":[112.71306232707126,-7.281047827188252]},"properties":{"alamat":"DUKUH KUPANG XX / 60","lokasi":"TOBYS","jam_mulai":"08:00","jam_selesai":"17:00","jam_teks":"8:00 - 17:00","presisi":"perkiraan"}},{"type":"Feature","id":"9fe22d81","geometry":{"type":"Point","coordinates":[112.72324393685874,-7.342584720700067]},"properties":{"alamat":"DUKUH MENANGGAL 3 - 29 SURABAYA","lokasi":"PKL DEPAN BLK","jam_mulai":"15:00","jam_selesai":"22:00","jam_teks":"15:00 - 22:00","presisi":"perkiraan"}},{"type":"Feature","id":"4b610aec","geometry":{"type":"Point","coordinates":[112.71867364056288,-7.241295484279501]},"properties":{"alamat":"DUPAK","lokasi":"EXPEDISI SN CARGO","jam_mulai":"08:00","jam_selesai":"17:00","jam_teks":"8:00 - 17:00","presisi":"perkiraan"}},{"type":"Feature","id":"1e14dba6","geometry":{"type":"Point","coordinates":[112.72368072521851,-7.244765642820057]},"properties":{"alamat":"DUPAK 137 152","lokasi":"UD. EMPAT JAYA","jam_mulai":"08:00","jam_selesai":"17:00","jam_teks":"8:00 - 17:00","presisi":"perkiraan"}},{"type":"Feature","id":"b58e9f1d","geometry":{"type":"Point","coordinates":[112.7278213328907,-7.245105011324762]},"properties":{"alamat":"DUPAK 15A SURABAYA","lokasi":"RUMAH SAKIT IBU DAN ANAK (IBI ) SURABAYA","jam_mulai":"10:00","jam_selesai":"20:00","jam_teks":"10:00 - 20:00","presisi":"perkiraan"}},{"type":"Feature","id":"77d97f74","geometry":{"type":"Point","coordinates":[112.72241649638238,-7.244907574636675]},"properties":{"alamat":"DUPAK 164 184","lokasi":"EXPEDISI..","jam_mulai":"08:00","jam_selesai":"17:00","jam_teks":"8:00 - 17:00","presisi":"perkiraan"}},{"type":"Feature","id":"6c8c2f84","geometry":{"type":"Point","coordinates":[112.72717647918574,-7.245137574701653]},"properties":{"alamat":"DUPAK 25 - 31 SURABAYA","lokasi":"BAKSO CAK NAIM","jam_mulai":"17:00","jam_selesai":"22:00","jam_teks":"17:00 - 22:00","presisi":"perkiraan"}},{"type":"Feature","id":"608ae494","geometry":{"type":"Point","coordinates":[112.72001756939902,-7.246055574960898]},"properties":{"alamat":"DUPAK RUKUN 2","lokasi":"PASAR LOAK","jam_mulai":"08:00","jam_selesai":"17:00","jam_teks":"8:00 - 17:00","presisi":"perkiraan"}},{"type":"Feature","id":"c5664fed","geometry":{"type":"Point","coordinates":[112.74044214056298,-7.2695775816153505]},"properties":{"alamat":"EMBONG BLIMBING 3 17","lokasi":"PKL EMBONG BLIMBING","jam_mulai":"09:00","jam_selesai":"16:00","jam_teks":"9:00 - 16:00","presisi":"perkiraan"}},{"type":"Feature","id":"3891f43f","geometry":{"type":"Point","coordinates":[112.74466153871042,-7.269589396435769]},"properties":{"alamat":"EMBONG CERME 1 3","lokasi":"EXELCO","jam_mulai":"09:00","jam_selesai":"21:00","jam_teks":"9:00 - 21:00","presisi":"perkiraan"}},{"type":"Feature","id":"18cf28ae","geometry":{"type":"Point","coordinates":[112.74389038289085,-7.270799171223199]},"properties":{"alamat":"EMBONG CERME 33 45","lokasi":"CATERING DOMUS","jam_mulai":"09:00","jam_selesai":"21:00","jam_teks":"9:00 - 21:00","presisi":"perkiraan"}},{"type":"Feature","id":"52e9a69a","geometry":{"type":"Point","coordinates":[112.74461705405481,-7.269850996522295]},"properties":{"alamat":"EMBONG CERME 5 7","lokasi":"BANK UOB","jam_mulai":"07:00","jam_selesai":"17:00","jam_teks":"7:00 - 17:00","presisi":"perkiraan"}},{"type":"Feature","id":"6b89d305","geometry":{"type":"Point","coordinates":[112.74475438103832,-7.269227825919089]},"properties":{"alamat":"EMBONG KEMIRI 4 23","lokasi":"BALET","jam_mulai":"07:00","jam_selesai":"18:00","jam_teks":"7:00 - 18:00","presisi":"perkiraan"}},{"type":"Feature","id":"64a872be","geometry":{"type":"Point","coordinates":[112.74671109638258,-7.269557907546912]},"properties":{"alamat":"EMBONG KEMIRI 41","lokasi":"KAFE","jam_mulai":"10:00","jam_selesai":"21:00","jam_teks":"10:00 - 21:00","presisi":"perkiraan"}},{"type":"Feature","id":"0172c417","geometry":{"type":"Point","coordinates":[112.74640291172685,-7.269567209390264]},"properties":{"alamat":"EMBONG KEMIRI 46 SURABAYA","lokasi":"DEPOT BU KRIS","jam_mulai":"09:00","jam_selesai":"21:00","jam_teks":"9:00 - 21:00","presisi":"perkiraan"}},{"type":"Feature","id":"57fb22b4","geometry":{"type":"Point","coordinates":[112.74665442336622,-7.26932697038736]},"properties":{"alamat":"EMBONG KEMIRI 48 SURABAYA","lokasi":"PAPER CUP COFFEE","jam_mulai":"09:00","jam_selesai":"21:00","jam_teks":"9:00 - 21:00","presisi":"perkiraan"}},{"type":"Feature","id":"8329b527","geometry":{"type":"Point","coordinates":[112.74600238474322,-7.2655648524186125]},"properties":{"alamat":"EMBONG KENONGO 3 - 51 SURABAYA","lokasi":"DEPAN BANK BTN","jam_mulai":"08:00","jam_selesai":"17:00","jam_teks":"8:00 - 17:00","presisi":"perkiraan"}},{"type":"Feature","id":"51d2d51a","geometry":{"type":"Point","coordinates":[112.74892645405475,-7.266187709967835]},"properties":{"alamat":"EMBONG KENONGO 75 79","lokasi":"ICE CREAM TURIN","jam_mulai":"07:00","jam_selesai":"15:00","jam_teks":"7:00 - 15:00","presisi":"perkiraan"}},{"type":"Feature","id":"d652bdd9","geometry":{"type":"Point","coordinates":[112.73679938474336,-7.259887264514754]},"properties":{"alamat":"EMBONG MALANG","lokasi":"VAPOR","jam_mulai":"10:00","jam_selesai":"22:00","jam_teks":"10:00 - 22:00","presisi":"jalan"}},{"type":"Feature","id":"87bd6208","geometry":{"type":"Point","coordinates":[112.73679938474336,-7.259887264514754]},"properties":{"alamat":"EMBONG MALANG","lokasi":"LONTONG BALAP","jam_mulai":"10:00","jam_selesai":"22:00","jam_teks":"10:00 - 22:00","presisi":"jalan"}},{"type":"Feature","id":"5df43b41","geometry":{"type":"Point","coordinates":[112.73870618103834,-7.260458507803275]},"properties":{"alamat":"EMBONG MALANG 10 - 20 SURABAYA","lokasi":"SOTO AYAM P.SADI","jam_mulai":"10:00","jam_selesai":"22:00","jam_teks":"10:00 - 22:00","presisi":"perkiraan"}},{"type":"Feature","id":"9c2545db","geometry":{"type":"Point","coordinates":[112.7380875233661,-7.2601102654726]},"properties":{"alamat":"EMBONG MALANG 30 SURABAYA","lokasi":"TOKO CAHAYA.","jam_mulai":"10:00","jam_selesai":"22:00","jam_teks":"10:00 - 22:00","presisi":"perkiraan"}},{"type":"Feature","id":"ee47f435","geometry":{"type":"Point","coordinates":[112.7380413675465,-7.260166522378691]},"properties":{"alamat":"EMBONG MALANG 32 - 38 SURABAYA","lokasi":"ZULFA TAYLOR","jam_mulai":"09:00","jam_selesai":"21:00","jam_teks":"9:00 - 21:00","presisi":"perkiraan"}},{"type":"Feature","id":"c971d137","geometry":{"type":"Point","coordinates":[112.73681414241528,-7.2595647076753504]},"properties":{"alamat":"EMBONG MALANG 40 SURABAYA","lokasi":"MANDARIN / BINTANG JAYA","jam_mulai":"10:00","jam_selesai":"22:00","jam_teks":"10:00 - 22:00","presisi":"perkiraan"}},{"type":"Feature","id":"8e72522f","geometry":{"type":"Point","coordinates":[112.73650001172683,-7.259556050497317]},"properties":{"alamat":"EMBONG MALANG 54 - 70 SURABAYA","lokasi":"BETA STIKER","jam_mulai":"10:00","jam_selesai":"22:00","jam_teks":"10:00 - 22:00","presisi":"perkiraan"}},{"type":"Feature","id":"9facd971","geometry":{"type":"Point","coordinates":[112.73539189638252,-7.259039836037357]},"properties":{"alamat":"EMBONG MALANG 76 - 78 SURABAYA","lokasi":"DEPOT RAWON SETAN","jam_mulai":"10:00","jam_selesai":"22:00","jam_teks":"10:00 - 22:00","presisi":"perkiraan"}},{"type":"Feature","id":"91c97fa3","geometry":{"type":"Point","coordinates":[112.73419396939897,-7.258464692747507]},"properties":{"alamat":"EMBONG MALANG 76 - 78Q SURABAYA","lokasi":"EXPEDISI PRETY BOY BASKARA","jam_mulai":"08:00","jam_selesai":"16:00","jam_teks":"8:00 - 16:00","presisi":"perkiraan"}},{"type":"Feature","id":"91ff1157","geometry":{"type":"Point","coordinates":[112.73454031172687,-7.258610635704888]},"properties":{"alamat":"EMBONG MALANG 78 - 78M SURABAYA","lokasi":"DEPOT ASIA BARU","jam_mulai":"15:00","jam_selesai":"22:00","jam_teks":"15:00 - 22:00","presisi":"perkiraan"}},{"type":"Feature","id":"a4498f23","geometry":{"type":"Point","coordinates":[112.73419396939897,-7.258454049889265]},"properties":{"alamat":"EMBONG MALANG 78 SURABAYA","lokasi":"DEPOT ASIA BARU DAN PANORAMA","jam_mulai":"10:00","jam_selesai":"22:00","jam_teks":"10:00 - 22:00","presisi":"perkiraan"}},{"type":"Feature","id":"642348c2","geometry":{"type":"Point","coordinates":[112.74231018103843,-7.266449667401918]},"properties":{"alamat":"EMBONG SAWO 20 36","lokasi":"NOTARIS","jam_mulai":"07:00","jam_selesai":"16:00","jam_teks":"7:00 - 16:00","presisi":"perkiraan"}},{"type":"Feature","id":"a4410b42","geometry":{"type":"Point","coordinates":[112.74125562336621,-7.265166496107691]},"properties":{"alamat":"EMBONG WUNGU","lokasi":"SEKOLAH PETRA","jam_mulai":"07:00","jam_selesai":"17:00","jam_teks":"7:00 - 17:00","presisi":"jalan"}},{"type":"Feature","id":"9431a57a","geometry":{"type":"Point","coordinates":[112.74125562336621,-7.265166496107691]},"properties":{"alamat":"EMBONG WUNGU","lokasi":"BAKSOJALIL","jam_mulai":"09:00","jam_selesai":"21:00","jam_teks":"9:00 - 21:00","presisi":"jalan"}},{"type":"Feature","id":"15767e7e","geometry":{"type":"Point","coordinates":[112.74908144056315,-7.278223314520691]},"properties":{"alamat":"FLORES 12 16","lokasi":"SOTO AYAM P LAWIYUN","jam_mulai":"08:00","jam_selesai":"21:00","jam_teks":"8:00 - 21:00","presisi":"perkiraan"}},{"type":"Feature","id":"d28e8cde","geometry":{"type":"Point","coordinates":[112.74828152707141,-7.279169141970587]},"properties":{"alamat":"FLORES 18 20","lokasi":"SEKOLAH TK (TOWN KIDS SCHOOL)","jam_mulai":"08:00","jam_selesai":"13:00","jam_teks":"8:00 - 13:00","presisi":"perkiraan"}},{"type":"Feature","id":"c8a8d43b","geometry":{"type":"Point","coordinates":[112.73917703685773,-7.233988010960422]},"properties":{"alamat":"GAMBIR 18 22","lokasi":"PASAR IKAN","jam_mulai":"08:00","jam_selesai":"17:00","jam_teks":"8:00 - 17:00","presisi":"perkiraan"}},{"type":"Feature","id":"55a11f88","geometry":{"type":"Point","coordinates":[112.73965528474305,-7.234085628152072]},"properties":{"alamat":"GAMBIR 2 16","lokasi":"GUDANG","jam_mulai":"08:00","jam_selesai":"17:00","jam_teks":"8:00 - 17:00","presisi":"perkiraan"}},{"type":"Feature","id":"53b8f2f6","geometry":{"type":"Point","coordinates":[112.73599315405446,-7.2398085299014]},"properties":{"alamat":"GATOTAN 20 26","lokasi":"EXPEDISI ASAI INDAH TRANSPORT","jam_mulai":"07:00","jam_selesai":"15:00","jam_teks":"7:00 - 15:00","presisi":"perkiraan"}},{"type":"Feature","id":"1173758e","geometry":{"type":"Point","coordinates":[112.72685077919725,-7.33346072365608]},"properties":{"alamat":"GAYUNGAN","lokasi":"LUBERAN BCA","jam_mulai":"08:00","jam_selesai":"22:00","jam_teks":"8:00 - 22:00","presisi":"perkiraan"}},{"type":"Feature","id":"c8dcf8c2","geometry":{"type":"Point","coordinates":[112.72222145427656,-7.337581911833277]},"properties":{"alamat":"GAYUNGAN","lokasi":"SOTO KUDUS","jam_mulai":"08:00","jam_selesai":"23:00","jam_teks":"8:00 - 23:00","presisi":"perkiraan"}},{"type":"Feature","id":"feacd6a0","geometry":{"type":"Point","coordinates":[112.72788819823572,-7.336063864580719]},"properties":{"alamat":"GAYUNGAN PTT NO 35 A SURABAYA","lokasi":"BAKSO ANDA","jam_mulai":"07:30","jam_selesai":"17:00","jam_teks":"7:30 - 17:00","presisi":"perkiraan"}},{"type":"Feature","id":"3b6e0183","geometry":{"type":"Point","coordinates":[112.72210499638322,-7.337089150015574]},"properties":{"alamat":"GAYUNGSARI TIMUR 14","lokasi":"RM. SABINDO","jam_mulai":"08:00","jam_selesai":"20:00","jam_teks":"8:00 - 20:00","presisi":"perkiraan"}},{"type":"Feature","id":"dd5fcaa3","geometry":{"type":"Point","coordinates":[112.73698746569406,-7.2548904480738505]},"properties":{"alamat":"GEMBLONGAN 24 - 32 SURABAYA","lokasi":"MEBEL RAKUDA,AIRLAND","jam_mulai":"09:00","jam_selesai":"17:00","jam_teks":"9:00 - 17:00","presisi":"perkiraan"}},{"type":"Feature","id":"440ead48","geometry":{"type":"Point","coordinates":[112.73666153871045,-7.254505891452058]},"properties":{"alamat":"GEMBLONGAN 25 - 37 SURABAYA","lokasi":"TOKO SINAR JAYA","jam_mulai":"09:00","jam_selesai":"17:00","jam_teks":"9:00 - 17:00","presisi":"perkiraan"}},{"type":"Feature","id":"2b6fb0b7","geometry":{"type":"Point","coordinates":[112.73704076939883,-7.2546651632845425]},"properties":{"alamat":"GEMBLONGAN 34 52","lokasi":"MEBEL FORTUNA","jam_mulai":"09:00","jam_selesai":"17:00","jam_teks":"9:00 - 17:00","presisi":"perkiraan"}},{"type":"Feature","id":"4f0eeb44","geometry":{"type":"Point","coordinates":[112.7368798522022,-7.254649263280801]},"properties":{"alamat":"GEMBLONGAN 36 37","lokasi":"MEBEL NTN, ACCU","jam_mulai":"09:00","jam_selesai":"17:00","jam_teks":"9:00 - 17:00","presisi":"perkiraan"}},{"type":"Feature","id":"70089489","geometry":{"type":"Point","coordinates":[112.73659235220217,-7.2540539201808185]},"properties":{"alamat":"GEMBLONGAN 39 - 51 SURABAYA","lokasi":"SUDI MURNI","jam_mulai":"09:00","jam_selesai":"17:00","jam_teks":"9:00 - 17:00","presisi":"perkiraan"}},{"type":"Feature","id":"81cf7f22","geometry":{"type":"Point","coordinates":[112.73694742336608,-7.253333277858949]},"properties":{"alamat":"GEMBLONGAN 64 SURABAYA","lokasi":"PLN","jam_mulai":"09:00","jam_selesai":"17:00","jam_teks":"9:00 - 17:00","presisi":"perkiraan"}},{"type":"Feature","id":"235f41bd","geometry":{"type":"Point","coordinates":[112.73646349453008,-7.252978691844701]},"properties":{"alamat":"GEMBLONGAN 65 - 77 SURABAYA","lokasi":"TOKO WISMA INDAH","jam_mulai":"09:00","jam_selesai":"17:00","jam_teks":"9:00 - 17:00","presisi":"perkiraan"}},{"type":"Feature","id":"80123aac","geometry":{"type":"Point","coordinates":[112.74574389823505,-7.2401642732976415]},"properties":{"alamat":"GEMBONG 32 42","lokasi":"ATOM MEGA","jam_mulai":"08:00","jam_selesai":"17:00","jam_teks":"8:00 - 17:00","presisi":"perkiraan"}},{"type":"Feature","id":"047f8e81","geometry":{"type":"Point","coordinates":[112.75013511357912,-7.24283510372609]},"properties":{"alamat":"GEMBONG 44 50","lokasi":"TOKO BENANG","jam_mulai":"07:00","jam_selesai":"16:00","jam_teks":"7:00 - 16:00","presisi":"perkiraan"}},{"type":"Feature","id":"97e1da2f","geometry":{"type":"Point","coordinates":[112.74529130248222,-7.2389699109956815]},"properties":{"alamat":"GEMBONG 52 - 70 SURABAYA","lokasi":"TOKO BENANG DAN KAIN","jam_mulai":"08:00","jam_selesai":"17:00","jam_teks":"8:00 - 17:00","presisi":"perkiraan"}},{"type":"Feature","id":"f9fb288b","geometry":{"type":"Point","coordinates":[112.74844618103816,-7.244938647346784]},"properties":{"alamat":"GEMBONG TEBASAN 29 33","lokasi":"DEPAN TOKO OLI","jam_mulai":"09:00","jam_selesai":"18:00","jam_teks":"9:00 - 18:00","presisi":"perkiraan"}},{"type":"Feature","id":"5639a1fe","geometry":{"type":"Point","coordinates":[112.74799876754635,-7.244830247326405]},"properties":{"alamat":"GEMBONG TEBASAN 35 37","lokasi":"SALON PLAY BOY","jam_mulai":"09:00","jam_selesai":"18:00","jam_teks":"9:00 - 18:00","presisi":"perkiraan"}},{"type":"Feature","id":"efdf33ef","geometry":{"type":"Point","coordinates":[112.74943144241533,-7.244822988258202]},"properties":{"alamat":"GEMBONG TEBASAN 38 44","lokasi":"EXPEDISI SUMBER AGUNG","jam_mulai":"09:00","jam_selesai":"18:00","jam_teks":"9:00 - 18:00","presisi":"perkiraan"}},{"type":"Feature","id":"fce7a08c","geometry":{"type":"Point","coordinates":[112.75028345220218,-7.245008631492186]},"properties":{"alamat":"GEMBONG TEBASAN 4 14","lokasi":"PKL PASAR","jam_mulai":"09:00","jam_selesai":"18:00","jam_teks":"9:00 - 18:00","presisi":"perkiraan"}},{"type":"Feature","id":"7f370f08","geometry":{"type":"Point","coordinates":[112.7420390963825,-7.258808264199009]},"properties":{"alamat":"GENTENG BESAR 30 34","lokasi":"PLAZA SELULAR","jam_mulai":"08:00","jam_selesai":"17:00","jam_teks":"8:00 - 17:00","presisi":"perkiraan"}},{"type":"Feature","id":"f4e1ea23","geometry":{"type":"Point","coordinates":[112.74153106754648,-7.258774635647688]},"properties":{"alamat":"GENTENG BESAR 36 - 44 SURABAYA","lokasi":"SINAR JAYA / HARAPAN","jam_mulai":"08:00","jam_selesai":"17:00","jam_teks":"8:00 - 17:00","presisi":"perkiraan"}},{"type":"Feature","id":"59807e6b","geometry":{"type":"Point","coordinates":[112.741607369399,-7.258636321415642]},"properties":{"alamat":"GENTENG BESAR 44 46","lokasi":"TOKO ELEKTRONIK","jam_mulai":"07:00","jam_selesai":"16:00","jam_teks":"7:00 - 16:00","presisi":"perkiraan"}},{"type":"Feature","id":"14b51367","geometry":{"type":"Point","coordinates":[112.74104303871037,-7.258640164266805]},"properties":{"alamat":"GENTENG BESAR 46 60","lokasi":"TOKO TOSERBA JAYA SENTOSA","jam_mulai":"08:00","jam_selesai":"17:00","jam_teks":"8:00 - 17:00","presisi":"perkiraan"}},{"type":"Feature","id":"86a7b4c7","geometry":{"type":"Point","coordinates":[112.73991882336622,-7.25831024986219]},"properties":{"alamat":"GENTENG BESAR 66 - 70 SURABAYA","lokasi":"TOKO BHEK/TOKO SINHO","jam_mulai":"09:00","jam_selesai":"21:00","jam_teks":"9:00 - 21:00","presisi":"perkiraan"}},{"type":"Feature","id":"592c3d1a","geometry":{"type":"Point","coordinates":[112.73960410802184,-7.258009178339944]},"properties":{"alamat":"GENTENG BESAR 72 - 80 SURABAYA","lokasi":"TOKO SUDI MAMPIR","jam_mulai":"09:00","jam_selesai":"17:00","jam_teks":"9:00 - 17:00","presisi":"perkiraan"}},{"type":"Feature","id":"ae138225","geometry":{"type":"Point","coordinates":[112.73931349638254,-7.258114335506439]},"properties":{"alamat":"GENTENG BESAR 82 - 92 SURABAYA","lokasi":"TOKO ACROE, AGEN ROKOK","jam_mulai":"09:00","jam_selesai":"17:00","jam_teks":"9:00 - 17:00","presisi":"perkiraan"}},{"type":"Feature","id":"495138f8","geometry":{"type":"Point","coordinates":[112.74082825220233,-7.258042735544528]},"properties":{"alamat":"GENTENG DURASIM 14 36","lokasi":"PERKAMPUNGAN","jam_mulai":"08:00","jam_selesai":"17:00","jam_teks":"8:00 - 17:00","presisi":"perkiraan"}},{"type":"Feature","id":"297041d2","geometry":{"type":"Point","coordinates":[112.74059520802186,-7.257272692365479]},"properties":{"alamat":"GENTENG DURASIM 31 37","lokasi":"TOKO ELEKTRONIK PERKAMPUNGAN","jam_mulai":"08:00","jam_selesai":"17:00","jam_teks":"8:00 - 17:00","presisi":"perkiraan"}},{"type":"Feature","id":"1554ccd4","geometry":{"type":"Point","coordinates":[112.74302722521863,-7.2593027072129175]},"properties":{"alamat":"GENTENG KALI 1","lokasi":"BANK MANDIRI","jam_mulai":"08:00","jam_selesai":"17:00","jam_teks":"8:00 - 17:00","presisi":"perkiraan"}},{"type":"Feature","id":"fbefe0c6","geometry":{"type":"Point","coordinates":[112.74302112336608,-7.258367364168167]},"properties":{"alamat":"GENTENG KALI 17 23","lokasi":"BCA","jam_mulai":"09:00","jam_selesai":"17:00","jam_teks":"9:00 - 17:00","presisi":"perkiraan"}},{"type":"Feature","id":"eb95f9ba","geometry":{"type":"Point","coordinates":[112.74129072521849,-7.256002277384888]},"properties":{"alamat":"GENTENG KALI 65 79","lokasi":"SOTO KENARI","jam_mulai":"09:00","jam_selesai":"22:00","jam_teks":"9:00 - 22:00","presisi":"perkiraan"}},{"type":"Feature","id":"4edaabf4","geometry":{"type":"Point","coordinates":[112.7385356233661,-7.256156562917478]},"properties":{"alamat":"GENTENG KALI 97 99","lokasi":"GITA TAMTAMA","jam_mulai":"09:00","jam_selesai":"22:00","jam_teks":"9:00 - 22:00","presisi":"perkiraan"}},{"type":"Feature","id":"08edbdd1","geometry":{"type":"Point","coordinates":[112.74159960987451,-7.2577007210181295]},"properties":{"alamat":"GENTENG MUHAMADIYAH 26 38","lokasi":"PASAR GENTENG","jam_mulai":"08:00","jam_selesai":"17:00","jam_teks":"8:00 - 17:00","presisi":"perkiraan"}},{"type":"Feature","id":"16db4117","geometry":{"type":"Point","coordinates":[112.74170290987435,-7.257950435342472]},"properties":{"alamat":"GENTENG MUHAMMADIYAH","lokasi":"SEKOLAHAN","jam_mulai":"07:00","jam_selesai":"17:00","jam_teks":"7:00 - 17:00","presisi":"perkiraan"}},{"type":"Feature","id":"067dc2a6","geometry":{"type":"Point","coordinates":[112.73574349823524,-7.277625723114708]},"properties":{"alamat":"GRUDO 7 / 5-B","lokasi":"SOTO DAGING MADURA","jam_mulai":"07:00","jam_selesai":"14:00","jam_teks":"7:00 - 14:00","presisi":"perkiraan"}},{"type":"Feature","id":"a575a28f","geometry":{"type":"Point","coordinates":[112.73136218289093,-7.283999781461652]},"properties":{"alamat":"GULA 1 45","lokasi":"PERTOKOAN - EXP JAYA MULIA PUTRA AJ","jam_mulai":"08:00","jam_selesai":"17:00","jam_teks":"08.00 - 17.00","presisi":"perkiraan"}},{"type":"Feature","id":"2160da6d","geometry":{"type":"Point","coordinates":[112.72836601172668,-7.248590549666441]},"properties":{"alamat":"GUNDIH 1 / 27","lokasi":"LONTONG KUPANG","jam_mulai":"08:00","jam_selesai":"17:00","jam_teks":"8:00 - 17:00","presisi":"perkiraan"}},{"type":"Feature","id":"125ef967","geometry":{"type":"Point","coordinates":[112.727791123366,-7.247048744004143]},"properties":{"alamat":"GUNDIH 4 NO 22","lokasi":"TOKO ALERY TOYS","jam_mulai":"08:00","jam_selesai":"17:00","jam_teks":"8:00 - 17:00","presisi":"perkiraan"}},{"type":"Feature","id":"c7004726","geometry":{"type":"Point","coordinates":[112.72785853871027,-7.248044573818687]},"properties":{"alamat":"GUNDIH III/11","lokasi":"AYAM GORENG / DOZADER","jam_mulai":"08:00","jam_selesai":"17:00","jam_teks":"8:00 - 17:00","presisi":"perkiraan"}},{"type":"Feature","id":"44ec46d4","geometry":{"type":"Point","coordinates":[112.78085150987498,-7.334700046407804]},"properties":{"alamat":"GUNUNG ANYAR LOR","lokasi":"RM. BEBEKAYAM GORENG","jam_mulai":"08:00","jam_selesai":"17:00","jam_teks":"8:00 - 17:00","presisi":"perkiraan"}},{"type":"Feature","id":"5129a897","geometry":{"type":"Point","coordinates":[112.72792711172715,-7.300724748607822]},"properties":{"alamat":"GUNUNGSARI 1 - 5 /26-C","lokasi":"DEPOT IJO","jam_mulai":"07:00","jam_selesai":"22:00","jam_teks":"7:00 - 22:00","presisi":"perkiraan"}},{"type":"Feature","id":"f41d6e5f","geometry":{"type":"Point","coordinates":[112.72075574056329,-7.306931959047709]},"properties":{"alamat":"GUNUNGSARI 25 27","lokasi":"TAMAN RONGGOLAWE","jam_mulai":"17:00","jam_selesai":"02:00","jam_teks":"17:00 - 2:00","presisi":"perkiraan"}},{"type":"Feature","id":"b24ef506","geometry":{"type":"Point","coordinates":[112.73006850987471,-7.300241171696319]},"properties":{"alamat":"GUNUNGSARI 51 53","lokasi":"PKL SEGO SAMBEL","jam_mulai":"17:00","jam_selesai":"23:00","jam_teks":"17:00 - 23:00","presisi":"perkiraan"}},{"type":"Feature","id":"60cfbd9a","geometry":{"type":"Point","coordinates":[112.72646286569453,-7.300856232346955]},"properties":{"alamat":"GUNUNGSARI20 - SURABAYA","lokasi":"TOKO ROTI LORITA","jam_mulai":"08:00","jam_selesai":"22:00","jam_teks":"8:00 - 22:00","presisi":"perkiraan"}},{"type":"Feature","id":"8bf2e50d","geometry":{"type":"Point","coordinates":[112.76763959453045,-7.308312875916065]},"properties":{"alamat":"HANS FUTSAL","lokasi":"PANJANG JIWO 54","jam_mulai":null,"jam_selesai":null,"jam_teks":"09.00 - 2,100","presisi":"perkiraan"}},{"type":"Feature","id":"f7838345","geometry":{"type":"Point","coordinates":[112.69460526569434,-7.28477397038947]},"properties":{"alamat":"HR MUHAMMAD","lokasi":"RODALINK","jam_mulai":"08:00","jam_selesai":"17:00","jam_teks":"8:00 - 17:00","presisi":"perkiraan"}},{"type":"Feature","id":"9e75824f","geometry":{"type":"Point","coordinates":[112.68632664056315,-7.282116015994819]},"properties":{"alamat":"HR MUHAMMAD 11 17","lokasi":"BANK BCA","jam_mulai":"08:00","jam_selesai":"17:00","jam_teks":"8:00 - 17:00","presisi":"perkiraan"}},{"type":"Feature","id":"468b1520","geometry":{"type":"Point","coordinates":[112.69078416754672,-7.284118454730191]},"properties":{"alamat":"HR MUHAMMAD 123","lokasi":"SOTO WAWAN","jam_mulai":"08:00","jam_selesai":"23:00","jam_teks":"8:00 - 23:00","presisi":"perkiraan"}},{"type":"Feature","id":"9f105682","geometry":{"type":"Point","coordinates":[112.74301571543168,-7.237268826991041]},"properties":{"alamat":"HUSIN I 10 24","lokasi":"UD SUMBER AGUNG","jam_mulai":"08:00","jam_selesai":"17:00","jam_teks":"8:00 - 17:00","presisi":"perkiraan"}},{"type":"Feature","id":"f926050f","geometry":{"type":"Point","coordinates":[112.74359382336598,-7.236976485673152]},"properties":{"alamat":"HUSIN II 1 23","lokasi":"UD TEJO JAYA DIESEL","jam_mulai":"08:00","jam_selesai":"17:00","jam_teks":"8:00 - 17:00","presisi":"perkiraan"}},{"type":"Feature","id":"88c39ef0","geometry":{"type":"Point","coordinates":[112.72726986939897,-7.255971806109311]},"properties":{"alamat":"IJEN 1 2","lokasi":"TOKO LIMA JAYA,TOKO MERBABU","jam_mulai":"09:00","jam_selesai":"16:00","jam_teks":"9:00 - 16:00","presisi":"perkiraan"}},{"type":"Feature","id":"d50f01aa","geometry":{"type":"Point","coordinates":[112.7354125252188,-7.276758453340194]},"properties":{"alamat":"IMAM BONJOL 6","lokasi":"SOTO MADURA","jam_mulai":"09:00","jam_selesai":"20:00","jam_teks":"9:00 - 20:00","presisi":"perkiraan"}},{"type":"Feature","id":"f9670c44","geometry":{"type":"Point","coordinates":[112.73125846754672,-7.288983328794424]},"properties":{"alamat":"INDRAGIRI 0","lokasi":"COCARI","jam_mulai":"10:00","jam_selesai":"22:00","jam_teks":"10:00 - 22:00","presisi":"perkiraan"}},{"type":"Feature","id":"e6dedca4","geometry":{"type":"Point","coordinates":[112.73178840987465,-7.285676986182357]},"properties":{"alamat":"INDRAGIRI 3","lokasi":"WARUNG WAKUL / BENGKEL","jam_mulai":"08:00","jam_selesai":"22:00","jam_teks":"8:00 - 22:00","presisi":"perkiraan"}},{"type":"Feature","id":"22264aa7","geometry":{"type":"Point","coordinates":[112.73218394056268,-7.2294412056902875]},"properties":{"alamat":"INDRAPURA 19 31","lokasi":"PANASONIC - PERKANTORAN - PERKANTORAN","jam_mulai":"08:00","jam_selesai":"17:00","jam_teks":"8:00 - 17:00","presisi":"perkiraan"}},{"type":"Feature","id":"3d84c616","geometry":{"type":"Point","coordinates":[112.73079855681961,-7.233930489992096]},"properties":{"alamat":"INDRAPURA 2 4","lokasi":"TK, SD TA'MIRIYAH","jam_mulai":"08:00","jam_selesai":"17:00","jam_teks":"8:00 - 17:00","presisi":"perkiraan"}},{"type":"Feature","id":"b59837d1","geometry":{"type":"Point","coordinates":[112.7322105087208,-7.229037755987294]},"properties":{"alamat":"INDRAPURA 31 37","lokasi":"BANK BCA","jam_mulai":"08:00","jam_selesai":"17:00","jam_teks":"8:00 - 17:00","presisi":"perkiraan"}},{"type":"Feature","id":"92880237","geometry":{"type":"Point","coordinates":[112.7827076387105,-7.259154107181392]},"properties":{"alamat":"IR SUKARNO 159 166","lokasi":"DIM SUM","jam_mulai":"15:00","jam_selesai":"21:00","jam_teks":"15:00 - 21:00","presisi":"perkiraan"}},{"type":"Feature","id":"e2564856","geometry":{"type":"Point","coordinates":[112.78129474056335,-7.315437460660893]},"properties":{"alamat":"IR SUKARNO 23 - 27 SURABAYA","lokasi":"RM. SEDERHANA","jam_mulai":"08:00","jam_selesai":"22:00","jam_teks":"8:00 - 22:00","presisi":"perkiraan"}},{"type":"Feature","id":"caa5cc58","geometry":{"type":"Point","coordinates":[112.74263715220205,-7.24895247422537]},"properties":{"alamat":"JAGALAN 19 25","lokasi":"TOKO ARTOTELI","jam_mulai":"08:00","jam_selesai":"17:00","jam_teks":"8:00 - 17:00","presisi":"perkiraan"}},{"type":"Feature","id":"39b7ab2f","geometry":{"type":"Point","coordinates":[112.74346918474305,-7.248892543414347]},"properties":{"alamat":"JAGALAN 2 20","lokasi":"TOKO OBAT CINA","jam_mulai":"08:00","jam_selesai":"17:00","jam_teks":"8:00 - 17:00","presisi":"perkiraan"}},{"type":"Feature","id":"bdf6ad2a","geometry":{"type":"Point","coordinates":[112.74269862521862,-7.248755418808413]},"properties":{"alamat":"JAGALAN 24 28","lokasi":"TOKO ELEKTRONIK ELEKTRIO","jam_mulai":"07:00","jam_selesai":"16:00","jam_teks":"7:00 - 16:00","presisi":"perkiraan"}},{"type":"Feature","id":"7238e2e8","geometry":{"type":"Point","coordinates":[112.74546613871034,-7.248103173844946]},"properties":{"alamat":"JAGALAN 27 - 37 SURABAYA","lokasi":"TOKO TRIMUKTI","jam_mulai":"07:00","jam_selesai":"16:00","jam_teks":"7:00 - 16:00","presisi":"perkiraan"}},{"type":"Feature","id":"1af8d7a6","geometry":{"type":"Point","coordinates":[112.74512598103816,-7.248250720361778]},"properties":{"alamat":"JAGALAN 39 51","lokasi":"TOKO CHIODA SUMBER JAYA","jam_mulai":"09:00","jam_selesai":"15:00","jam_teks":"9:00 - 15:00","presisi":"perkiraan"}},{"type":"Feature","id":"940d6ef7","geometry":{"type":"Point","coordinates":[112.74489280987441,-7.248127632446905]},"properties":{"alamat":"JAGALAN 53 - 69 SURABAYA","lokasi":"TOKO TUNAS JAYA NASIONAL","jam_mulai":"07:00","jam_selesai":"16:00","jam_teks":"7:00 - 16:00","presisi":"perkiraan"}},{"type":"Feature","id":"c7a82e50","geometry":{"type":"Point","coordinates":[112.74654172336614,-7.247930130665153]},"properties":{"alamat":"JAGALAN 6 20","lokasi":"TOKO BAN SEN-TONG","jam_mulai":"08:00","jam_selesai":"17:00","jam_teks":"8:00 - 17:00","presisi":"perkiraan"}},{"type":"Feature","id":"7f0fdee0","geometry":{"type":"Point","coordinates":[112.7433053252186,-7.249096174289722]},"properties":{"alamat":"JAGALAN 7 15","lokasi":"TOKO KODAK FILM","jam_mulai":"08:00","jam_selesai":"17:00","jam_teks":"8:00 - 17:00","presisi":"perkiraan"}},{"type":"Feature","id":"d3568a92","geometry":{"type":"Point","coordinates":[112.74388468289077,-7.2482528893890175]},"properties":{"alamat":"JAGALAN 75 79","lokasi":"TOKO 77","jam_mulai":"08:00","jam_selesai":"17:00","jam_teks":"8:00 - 17:00","presisi":"perkiraan"}},{"type":"Feature","id":"92710728","geometry":{"type":"Point","coordinates":[112.7434844963825,-7.248078789331604]},"properties":{"alamat":"JAGALAN 81 - 95 SURABAYA","lokasi":"DEPOT BAKSO 87 / TOKO RADJA","jam_mulai":"09:00","jam_selesai":"22:00","jam_teks":"9:00 - 22:00","presisi":"perkiraan"}},{"type":"Feature","id":"b3b9e017","geometry":{"type":"Point","coordinates":[112.74294615034972,-7.247895515137093]},"properties":{"alamat":"JAGALAN 97 105","lokasi":"TOKO PLASTIK SARI SEGAR","jam_mulai":"09:00","jam_selesai":"16:00","jam_teks":"9:00 - 16:00","presisi":"perkiraan"}},{"type":"Feature","id":"b62c82a2","geometry":{"type":"Point","coordinates":[112.74687800802211,-7.3025339983159325]},"properties":{"alamat":"JAGIR WONOKROMO 102A1 102A20","lokasi":"PECEL PONOROGO","jam_mulai":"15:00","jam_selesai":"22:00","jam_teks":"15:00 - 22:00","presisi":"perkiraan"}},{"type":"Feature","id":"76694e3f","geometry":{"type":"Point","coordinates":[112.7488066080223,-7.303123791142965]},"properties":{"alamat":"JAGIR WONOKROMO 116 124","lokasi":"PKL TEMPE PENYET","jam_mulai":"18:00","jam_selesai":"00:00","jam_teks":"18:00 - 0:00","presisi":"perkiraan"}},{"type":"Feature","id":"cc0f3453","geometry":{"type":"Point","coordinates":[112.73723216754695,-7.301788099901325]},"properties":{"alamat":"JAGIR WONOKROMO 25 52","lokasi":"TOKO SUMBER JAYA","jam_mulai":"08:00","jam_selesai":"16:00","jam_teks":"8:00 - 16:00","presisi":"perkiraan"}},{"type":"Feature","id":"d2bd574d","geometry":{"type":"Point","coordinates":[112.75494850987462,-7.304695375106598]},"properties":{"alamat":"JAGIR WONOKROMO 260 SURABAYA","lokasi":"PENYETAN \"DANGDUT\"","jam_mulai":"09:00","jam_selesai":"23:00","jam_teks":"9:00 - 23:00","presisi":"perkiraan"}},{"type":"Feature","id":"9631a095","geometry":{"type":"Point","coordinates":[112.74984398103861,-7.302961798509022]},"properties":{"alamat":"JAGIR WONOKROMO 29","lokasi":"TOKO SOPO NYONO","jam_mulai":"06:00","jam_selesai":"17:00","jam_teks":"6:00 - 17:00","presisi":"perkiraan"}},{"type":"Feature","id":"f51fcf4e","geometry":{"type":"Point","coordinates":[112.73868248289124,-7.301146083482735]},"properties":{"alamat":"JAGIR WONOKROMO WETAN 41 45","lokasi":"TOKO KUE","jam_mulai":"08:00","jam_selesai":"22:00","jam_teks":"8:00 - 22:00","presisi":"perkiraan"}},{"type":"Feature","id":"a9ee9690","geometry":{"type":"Point","coordinates":[112.73874649267792,-7.300746813809927]},"properties":{"alamat":"JAGIR WONOKROMO WETAN 47 51","lokasi":"PKL TEMPE PENYET","jam_mulai":"08:00","jam_selesai":"16:00","jam_teks":"8:00 - 16:00","presisi":"perkiraan"}},{"type":"Feature","id":"64230892","geometry":{"type":"Point","coordinates":[112.73235948103854,-7.284871301495571]},"properties":{"alamat":"JALAN OPAK","lokasi":"CAFE","jam_mulai":"19:00","jam_selesai":"21:00","jam_teks":"19:00 - 21:00","presisi":"perkiraan"}},{"type":"Feature","id":"5989dac8","geometry":{"type":"Point","coordinates":[112.71266128474385,-7.320864478944714]},"properties":{"alamat":"JAMBANGAN SAWAH NO 38","lokasi":"TOKO MUR BAUT SOLOMON","jam_mulai":"08:00","jam_selesai":"17:00","jam_teks":"8:00 - 17:00","presisi":"perkiraan"}},{"type":"Feature","id":"bf27955b","geometry":{"type":"Point","coordinates":[112.74708116754618,-7.221090505305097]},"properties":{"alamat":"JATI PURWO 3/1","lokasi":"PKL - WARUNG MAKAN","jam_mulai":"08:00","jam_selesai":"17:00","jam_teks":"8:00 - 17:00","presisi":"perkiraan"}},{"type":"Feature","id":"3c5d430c","geometry":{"type":"Point","coordinates":[112.74892127231729,-7.2221952095111375]},"properties":{"alamat":"JATI PURWO 322","lokasi":"IKAN BAKAR - MIXUE","jam_mulai":"08:00","jam_selesai":"20:00","jam_teks":"8:00 - 20:00","presisi":"perkiraan"}},{"type":"Feature","id":"7e9c26f3","geometry":{"type":"Point","coordinates":[112.74814730864689,-7.2717305015230185]},"properties":{"alamat":"JAWA 17 29","lokasi":"SMP NEGERI 6","jam_mulai":"07:00","jam_selesai":"17:00","jam_teks":"7:00 - 17:00","presisi":"perkiraan"}},{"type":"Feature","id":"0d662d3e","geometry":{"type":"Point","coordinates":[112.74879862707122,-7.272966367599672]},"properties":{"alamat":"JAWA 2 4","lokasi":"KK INDONESIA (KAV. 21 - 22)","jam_mulai":"08:00","jam_selesai":"17:00","jam_teks":"8:00 - 17:00","presisi":"perkiraan"}},{"type":"Feature","id":"04453c95","geometry":{"type":"Point","coordinates":[112.74903095405482,-7.2732604551461995]},"properties":{"alamat":"JAWA 31 37","lokasi":"KURSUS ILP","jam_mulai":"17:00","jam_selesai":"21:00","jam_teks":"17:00 - 21:00","presisi":"perkiraan"}},{"type":"Feature","id":"23309e81","geometry":{"type":"Point","coordinates":[112.75034356754666,-7.2739262253369885]},"properties":{"alamat":"JAWA 40 44","lokasi":"KANTOR POS & GIRO","jam_mulai":"08:00","jam_selesai":"21:00","jam_teks":"8:00 - 21:00","presisi":"perkiraan"}},{"type":"Feature","id":"2284e09a","geometry":{"type":"Point","coordinates":[112.73755292336601,-7.237975325974454]},"properties":{"alamat":"JEMBATAN MERAH 10","lokasi":"EKS KANTOR PTP","jam_mulai":"07:00","jam_selesai":"15:00","jam_teks":"7:00 - 15:00","presisi":"perkiraan"}},{"type":"Feature","id":"083ad89d","geometry":{"type":"Point","coordinates":[112.73739926569385,-7.237768089344986]},"properties":{"alamat":"JEMBATAN MERAH 9","lokasi":"BANK BII","jam_mulai":"08:00","jam_selesai":"17:00","jam_teks":"8:00 - 17:00","presisi":"perkiraan"}},{"type":"Feature","id":"880b7935","geometry":{"type":"Point","coordinates":[112.74318150696634,-7.320659220980067]},"properties":{"alamat":"JEMURSARI","lokasi":"DEPAN DEMANDAILING","jam_mulai":"15:00","jam_selesai":"22:00","jam_teks":"15:00 - 22:00","presisi":"jalan"}},{"type":"Feature","id":"e4037233","geometry":{"type":"Point","coordinates":[112.77453538742286,-7.285632364970403]},"properties":{"alamat":"JEMURSARI","lokasi":"SUMMER Z","jam_mulai":"09:00","jam_selesai":"21:00","jam_teks":"9:00 - 21:00","presisi":"perkiraan"}},{"type":"Feature","id":"e5f62435","geometry":{"type":"Point","coordinates":[112.75395047892415,-7.314925179002635]},"properties":{"alamat":"JEMURSARI","lokasi":"HONDA","jam_mulai":null,"jam_selesai":null,"jam_teks":"9:00 - 21:00:00","presisi":"perkiraan"}},{"type":"Feature","id":"880b7935","geometry":{"type":"Point","coordinates":[112.74318150696634,-7.320659220980067]},"properties":{"alamat":"JEMURSARI","lokasi":"DEPAN DEMANDAILING","jam_mulai":"15:00","jam_selesai":"22:00","jam_teks":"15:00 - 22:00","presisi":"jalan"}},{"type":"Feature","id":"53356859","geometry":{"type":"Point","coordinates":[112.74448945405533,-7.322025055185786]},"properties":{"alamat":"JEMURSARI 100 - 114 SURABAYA","lokasi":"KLINIK MATA SEC","jam_mulai":"08:00","jam_selesai":"17:00","jam_teks":"8:00 - 17:00","presisi":"perkiraan"}},{"type":"Feature","id":"c21e463f","geometry":{"type":"Point","coordinates":[112.7453299828913,-7.321477868605174]},"properties":{"alamat":"JEMURSARI 116 - 120 SURABAYA","lokasi":"NIKMAT RASA","jam_mulai":"08:00","jam_selesai":"17:00","jam_teks":"8:00 - 17:00","presisi":"perkiraan"}},{"type":"Feature","id":"5f781f0c","geometry":{"type":"Point","coordinates":[112.74660426754706,-7.320875978947443]},"properties":{"alamat":"JEMURSARI 136 138","lokasi":"PIZZA HUT - FRANGIPANI","jam_mulai":"08:00","jam_selesai":"22:00","jam_teks":"8:00 - 22:00","presisi":"perkiraan"}},{"type":"Feature","id":"fbae3a35","geometry":{"type":"Point","coordinates":[112.74237659823562,-7.323240296877302]},"properties":{"alamat":"JEMURSARI 6 10","lokasi":"PK5/IKAN BAKAR","jam_mulai":"09:00","jam_selesai":"22:00","jam_teks":"9:00 - 22:00","presisi":"perkiraan"}},{"type":"Feature","id":"d86f507c","geometry":{"type":"Point","coordinates":[112.74398904056346,-7.322290989917302]},"properties":{"alamat":"JEMURSARI 90 94","lokasi":"BANK BNI JEMUR SARI","jam_mulai":"08:00","jam_selesai":"17:00","jam_teks":"8:00 - 17:00","presisi":"perkiraan"}},{"type":"Feature","id":"ac1fcf5e","geometry":{"type":"Point","coordinates":[112.74411327918624,-7.321526592686613]},"properties":{"alamat":"JEMURSARI 99 103","lokasi":"SRI WEDARI","jam_mulai":"08:00","jam_selesai":"22:00","jam_teks":"8:00 - 22:00","presisi":"perkiraan"}},{"type":"Feature","id":"bcb2a4c9","geometry":{"type":"Point","coordinates":[112.72513348103816,-7.23734482221939]},"properties":{"alamat":"JEPARA 27 29A","lokasi":"PASAR PPI","jam_mulai":"08:00","jam_selesai":"17:00","jam_teks":"8:00 - 17:00","presisi":"perkiraan"}},{"type":"Feature","id":"daffdeed","geometry":{"type":"Point","coordinates":[112.74558832521868,-7.257242563706147]},"properties":{"alamat":"JIMERTO 17 23","lokasi":"ROTI CHRISLIN","jam_mulai":"08:00","jam_selesai":"15:00","jam_teks":"8:00 - 15:00","presisi":"perkiraan"}},{"type":"Feature","id":"c8ce32a8","geometry":{"type":"Point","coordinates":[112.74571108103812,-7.25736496360226]},"properties":{"alamat":"JIMERTO 19 43","lokasi":"TK PERMATA BUNDA","jam_mulai":"08:00","jam_selesai":"17:00","jam_teks":"8:00 - 17:00","presisi":"perkiraan"}},{"type":"Feature","id":"da4d3974","geometry":{"type":"Point","coordinates":[112.75954152151365,-7.256905563341939]},"properties":{"alamat":"JOLOTUNDO 18 SURABAYA","lokasi":"BAKSO MANUNGGAL","jam_mulai":"08:00","jam_selesai":"22:00","jam_teks":"8:00 - 22:00","presisi":"perkiraan"}},{"type":"Feature","id":"cb8f3955","geometry":{"type":"Point","coordinates":[112.7617756810381,-7.2573989780111985]},"properties":{"alamat":"JOLOTUNDO BARU 2 32","lokasi":"DEPOT GADO - GADO HANDAYANI","jam_mulai":"08:00","jam_selesai":"17:00","jam_teks":"8:00 - 17:00","presisi":"perkiraan"}},{"type":"Feature","id":"508c0aa5","geometry":{"type":"Point","coordinates":[112.75103950987433,-7.2595259078698415]},"properties":{"alamat":"KACA PIRING","lokasi":"MIESETAN","jam_mulai":"09:00","jam_selesai":"21:00","jam_teks":"9:00 - 21:00","presisi":"perkiraan"}},{"type":"Feature","id":"1ca747f4","geometry":{"type":"Point","coordinates":[112.75030300987436,-7.259268921684417]},"properties":{"alamat":"KACA PIRING 1 10","lokasi":"LBB SSC","jam_mulai":"08:00","jam_selesai":"17:00","jam_teks":"8:00 - 17:00","presisi":"perkiraan"}},{"type":"Feature","id":"6972f56a","geometry":{"type":"Point","coordinates":[112.75616709823538,-7.289871892607052]},"properties":{"alamat":"KAFE","lokasi":"NGAGEL JAYA 43","jam_mulai":"09:00","jam_selesai":"21:00","jam_teks":"09.00 - 21.00","presisi":"perkiraan"}},{"type":"Feature","id":"52526515","geometry":{"type":"Point","coordinates":[112.7564274810383,-7.2591056502632645]},"properties":{"alamat":"KALASAN 11","lokasi":"DEPOT BAKSO PAK DONI","jam_mulai":"08:00","jam_selesai":"21:00","jam_teks":"8:00 - 21:00","presisi":"perkiraan"}},{"type":"Feature","id":"a94ebc9a","geometry":{"type":"Point","coordinates":[112.75739250987439,-7.258512421401855]},"properties":{"alamat":"KALASAN 22 - 28 SURABAYA","lokasi":"DEPOT TAHU CAMPUR","jam_mulai":"10:00","jam_selesai":"22:00","jam_teks":"10:00 - 22:00","presisi":"perkiraan"}},{"type":"Feature","id":"b2a3eb05","geometry":{"type":"Point","coordinates":[112.75794394056274,-7.257335692072467]},"properties":{"alamat":"KALASAN 34","lokasi":"DEPOT BAKSO ROYAL","jam_mulai":"08:00","jam_selesai":"22:00","jam_teks":"8:00 - 22:00","presisi":"perkiraan"}},{"type":"Feature","id":"5bb4843b","geometry":{"type":"Point","coordinates":[112.76984473871083,-7.318481422665618]},"properties":{"alamat":"KALI RUNGKUT 15 17","lokasi":"KEDAWUNG HOUSE","jam_mulai":"08:00","jam_selesai":"22:00","jam_teks":"8:00 - 22:00","presisi":"perkiraan"}},{"type":"Feature","id":"ab71f116","geometry":{"type":"Point","coordinates":[112.76983418289126,-7.313220595380066]},"properties":{"alamat":"KALI RUNGKUT AM 4 9","lokasi":"DEPAN KAMPUS UBAYA","jam_mulai":"08:00","jam_selesai":"22:00","jam_teks":"8:00 - 22:00","presisi":"perkiraan"}},{"type":"Feature","id":"7b06c775","geometry":{"type":"Point","coordinates":[112.70881698103804,-7.229612665573433]},"properties":{"alamat":"KALIANAK","lokasi":"PERGUDANAGN","jam_mulai":"08:00","jam_selesai":"17:00","jam_teks":"8:00 - 17:00","presisi":"perkiraan"}},{"type":"Feature","id":"b8d30319","geometry":{"type":"Point","coordinates":[112.69882648103793,-7.228883773291854]},"properties":{"alamat":"KALIANAK BARAT 68 70A","lokasi":"RM. IKAN BAKAR","jam_mulai":"08:00","jam_selesai":"22:00","jam_teks":"8:00 - 22:00","presisi":"perkiraan"}},{"type":"Feature","id":"a0158579","geometry":{"type":"Point","coordinates":[112.74903903871032,-7.24855756022415]},"properties":{"alamat":"KALIANYAR 32 40","lokasi":"KONIKA FILM","jam_mulai":"07:00","jam_selesai":"16:00","jam_teks":"7:00 - 16:00","presisi":"perkiraan"}},{"type":"Feature","id":"9b3120f6","geometry":{"type":"Point","coordinates":[112.74867636569391,-7.247645573639952]},"properties":{"alamat":"KALIANYAR 4 12","lokasi":"FUJI FILM","jam_mulai":"08:00","jam_selesai":"17:00","jam_teks":"8:00 - 17:00","presisi":"perkiraan"}},{"type":"Feature","id":"deaa1132","geometry":{"type":"Point","coordinates":[112.7478288368578,-7.248311858474604]},"properties":{"alamat":"KALIANYAR 62 64","lokasi":"APOTIK PRAYOGI","jam_mulai":"08:00","jam_selesai":"17:00","jam_teks":"8:00 - 17:00","presisi":"jalan"}},{"type":"Feature","id":"deaa1132","geometry":{"type":"Point","coordinates":[112.7478288368578,-7.248311858474604]},"properties":{"alamat":"KALIANYAR 62 64","lokasi":"APOTIK PRAYOGI","jam_mulai":"08:00","jam_selesai":"17:00","jam_teks":"8:00 - 17:00","presisi":"jalan"}},{"type":"Feature","id":"8a5ddff5","geometry":{"type":"Point","coordinates":[112.74725219082504,-7.248184044593058]},"properties":{"alamat":"KALIANYAR 70 - 76 SURABAYA","lokasi":"SMU PETRA / PRAYOGI","jam_mulai":"08:00","jam_selesai":"17:00","jam_teks":"8:00 - 17:00","presisi":"perkiraan"}},{"type":"Feature","id":"084a6a31","geometry":{"type":"Point","coordinates":[112.75335723685811,-7.286694091175828]},"properties":{"alamat":"KALIBOKOR 41 45","lokasi":"PITRAT ENGGAR","jam_mulai":"10:00","jam_selesai":"20:00","jam_teks":"10:00 - 20:00","presisi":"perkiraan"}},{"type":"Feature","id":"0f39d424","geometry":{"type":"Point","coordinates":[112.72107785405466,-7.254926291028877]},"properties":{"alamat":"KALIBUTUH 1 21","lokasi":"TOKO TUGU BUAYA","jam_mulai":"17:00","jam_selesai":"21:00","jam_teks":"17:00 - 21:00","presisi":"perkiraan"}},{"type":"Feature","id":"54f138af","geometry":{"type":"Point","coordinates":[112.72143595590715,-7.254834933355933]},"properties":{"alamat":"KALIBUTUH 115","lokasi":"BANK BCA - DITA MOTOR","jam_mulai":"16:00","jam_selesai":"21:00","jam_teks":"16:00 - 21:00","presisi":"perkiraan"}},{"type":"Feature","id":"f2d520c6","geometry":{"type":"Point","coordinates":[112.72267008289066,-7.254356890746683]},"properties":{"alamat":"KALIBUTUH 15","lokasi":"TOKO MERBABU","jam_mulai":"16:00","jam_selesai":"21:00","jam_teks":"16:00 - 21:00","presisi":"perkiraan"}},{"type":"Feature","id":"7fd5077a","geometry":{"type":"Point","coordinates":[112.72275170802178,-7.253739246731754]},"properties":{"alamat":"KALIBUTUH 6 24","lokasi":"DEPOT SURAMADU","jam_mulai":"09:00","jam_selesai":"16:00","jam_teks":"9:00 - 16:00","presisi":"perkiraan"}},{"type":"Feature","id":"7f992af2","geometry":{"type":"Point","coordinates":[112.72301145405477,-7.255288134136294]},"properties":{"alamat":"KALIBUTUH 73 77","lokasi":"SUMBER MAS","jam_mulai":"16:00","jam_selesai":"21:00","jam_teks":"16:00 - 21:00","presisi":"perkiraan"}},{"type":"Feature","id":"8564fa26","geometry":{"type":"Point","coordinates":[112.72112208289064,-7.255661933883154]},"properties":{"alamat":"KALIBUTUH BARAT 3/87","lokasi":"KAMPOENG STEAK","jam_mulai":"10:00","jam_selesai":"23:00","jam_teks":"10:00 - 23:00","presisi":"perkiraan"}},{"type":"Feature","id":"520f7c3f","geometry":{"type":"Point","coordinates":[112.74906668103837,-7.270797300983894]},"properties":{"alamat":"KALIMANTAN 8","lokasi":"PT KAYRA INDAH","jam_mulai":"08:00","jam_selesai":"17:00","jam_teks":"8:00 - 17:00","presisi":"perkiraan"}},{"type":"Feature","id":"7b5946f2","geometry":{"type":"Point","coordinates":[112.7347194540543,-7.211636081723211]},"properties":{"alamat":"KALIMAS BARU 2 10","lokasi":"EXPEDISI TIARA TRANS S/D UD. MANDIRI UTAMA","jam_mulai":"08:00","jam_selesai":"17:00","jam_teks":"8:00 - 17:00","presisi":"perkiraan"}},{"type":"Feature","id":"f92acc26","geometry":{"type":"Point","coordinates":[112.73565909638226,-7.223960844713779]},"properties":{"alamat":"KALIMAS BARU 3 GG 5/4","lokasi":"RUMAH MAKAN GENTENG JAYA","jam_mulai":"09:00","jam_selesai":"18:00","jam_teks":"9:00 - 18:00","presisi":"perkiraan"}},{"type":"Feature","id":"e7a6e113","geometry":{"type":"Point","coordinates":[112.73864024056273,-7.230591153034237]},"properties":{"alamat":"KALIMAS TIMUR 110 116","lokasi":"GUDANG","jam_mulai":"08:00","jam_selesai":"17:00","jam_teks":"8:00 - 17:00","presisi":"perkiraan"}},{"type":"Feature","id":"6dc101c6","geometry":{"type":"Point","coordinates":[112.73919298289057,-7.233379272155545]},"properties":{"alamat":"KALIMAS TIMUR 14 56","lokasi":"GUDANG","jam_mulai":"08:00","jam_selesai":"17:00","jam_teks":"8:00 - 17:00","presisi":"perkiraan"}},{"type":"Feature","id":"7c8c4c9a","geometry":{"type":"Point","coordinates":[112.73872816939878,-7.226561325854098]},"properties":{"alamat":"KALIMAS TIMUR 208 - 220 SURABAYA","lokasi":"DEPAN PERGUDANGAN","jam_mulai":"16:00","jam_selesai":"00:00","jam_teks":"16:00 - 0:00","presisi":"perkiraan"}},{"type":"Feature","id":"ebf9025a","geometry":{"type":"Point","coordinates":[112.73870456754626,-7.232203118950574]},"properties":{"alamat":"KALIMAS TIMUR 56 84","lokasi":"DEPAN PERGUDANGAN","jam_mulai":"08:00","jam_selesai":"17:00","jam_teks":"8:00 - 17:00","presisi":"perkiraan"}},{"type":"Feature","id":"0bd34ea5","geometry":{"type":"Point","coordinates":[112.73860039638237,-7.223618387024424]},"properties":{"alamat":"KALIMAS TIMUR 6 16","lokasi":"EXPEDISI","jam_mulai":"08:00","jam_selesai":"17:00","jam_teks":"8:00 - 17:00","presisi":"perkiraan"}},{"type":"Feature","id":"e3ccb84f","geometry":{"type":"Point","coordinates":[112.73953905220195,-7.232051962329771]},"properties":{"alamat":"KALIMAS UDIK 36 68","lokasi":"DEPAN PERGUDANGAN","jam_mulai":"08:00","jam_selesai":"17:00","jam_teks":"8:00 - 17:00","presisi":"perkiraan"}},{"type":"Feature","id":"c88447d9","geometry":{"type":"Point","coordinates":[112.74024660987415,-7.232649649618535]},"properties":{"alamat":"KALIMAS UDIK I 9 33","lokasi":"GUDANG","jam_mulai":"08:00","jam_selesai":"17:00","jam_teks":"8:00 - 17:00","presisi":"perkiraan"}},{"type":"Feature","id":"20fce8d5","geometry":{"type":"Point","coordinates":[112.7398403675464,-7.236244131143203]},"properties":{"alamat":"KALIMATI KULON 1 5","lokasi":"TOKO PEMO - TOKO SINAR","jam_mulai":"08:00","jam_selesai":"17:00","jam_teks":"8:00 - 17:00","presisi":"perkiraan"}},{"type":"Feature","id":"ddde5799","geometry":{"type":"Point","coordinates":[112.74074286146453,-7.235643683536677]},"properties":{"alamat":"KALIMATI KULON 23 - 37 SURABAYA","lokasi":"BANK BCA","jam_mulai":"08:00","jam_selesai":"17:00","jam_teks":"8:00 - 17:00","presisi":"perkiraan"}},{"type":"Feature","id":"f1fbd490","geometry":{"type":"Point","coordinates":[112.7400529098742,-7.2362918685588475]},"properties":{"alamat":"KALIMATI KULON 7 21","lokasi":"UD.SARI","jam_mulai":"08:00","jam_selesai":"17:00","jam_teks":"8:00 - 17:00","presisi":"perkiraan"}}]}
